,close,high,low,open,vol,pct_change,vwap
2022-01-19,40.7606201171875,41.73111107235863,36.878656296502974,36.878656296502974,129900,,
2022-01-20,43.67209243774414,46.94264587926349,39.741604858773,39.741604858773,153400,7.142855805888404,
2022-01-21,43.67209243774414,48.476023346321824,41.68258674489496,41.73111055162218,329500,0.0,
2022-01-24,41.537010192871094,43.67209093454113,40.64416033300907,43.59444988474668,110000,-4.888893858055166,
2022-01-25,40.66162872314453,43.594451756061694,40.110392794883744,41.24586543090065,23500,-2.1074734692310693,
2022-01-26,41.944618225097656,43.73032164376047,41.00324085973141,43.681794136661125,90500,3.155283106559015,
2022-01-27,44.40966796875,48.15576394236414,42.45898262453682,45.865404515876975,151600,5.8769154374550325,
2022-01-28,45.37044906616211,46.19536484105894,42.84717423531269,43.23536836968164,43600,2.163450305659098,
2022-01-31,46.58356475830078,46.58356475830078,44.64258289337158,44.64258289337158,71300,2.6738013775654546,
2022-02-01,48.31103515625,48.5245443360097,45.66159547975934,46.09831711920921,298800,3.7083259018759307,
2022-02-02,51.44572067260742,54.57070253661282,48.33044579073624,48.558511743213884,23860900,6.488549678596334,53.37
2022-02-03,52.037723541259766,54.900672575319966,48.81569389340769,50.64992119088701,8425500,1.1507329684810053,54.11
2022-02-04,48.6604118347168,52.72677096653183,48.641001572979455,51.04781849647633,6757800,-6.490121928306802,51.63
2022-02-07,44.710514068603516,48.56336400579511,44.64258000389833,48.52454348249818,9432500,-8.117271550289729,47.14
2022-02-08,44.15732955932617,46.15654185675641,42.86657507210883,43.79824901489025,7277500,-1.2372582172250124,45.46
2022-02-09,45.9139289855957,46.049797128647036,42.58514467232107,43.42947077708953,4393100,3.9780472320218196,45.95
2022-02-10,45.66160202026367,47.06881474800093,44.04088378431341,44.16704495212535,2450000,-0.5495651775111465,47.13
2022-02-11,46.67090606689453,47.46670828379188,44.70081078629852,45.38015143331172,3456800,2.210399990309031,47.61
2022-02-14,46.6903190612793,47.55405539343159,45.603370260311294,46.7679564102839,2155000,0.04159549496840498,47.9
2022-02-15,46.58356475830078,47.02028641833567,45.80717275275492,46.29241821898722,2359800,-0.22864333575961515,47.97
2022-02-16,45.80717086791992,47.039694745690596,45.56454814478701,46.31182657629186,5855300,-1.6666691233467978,47.24
2022-02-17,43.95353698730469,45.69071671478327,43.85648566887811,44.953141503258294,3142600,-4.04660197408827,45.79
2022-02-18,44.06999206542969,44.54553424016303,43.4779920181178,43.81766605782134,2018700,0.264950413794085,45.38
2022-02-22,42.25518035888672,44.33203057193424,42.20665654778485,44.069997549428784,2611100,-4.118021405242278,44.17
2022-02-23,41.81845474243164,42.69189806906913,40.93530813533335,42.400747825437215,2791200,-1.033543373252288,43.2
2022-02-24,43.15336227416992,43.4162554972813,41.108642157902985,42.01416202163678,2447900,3.1921493511901655,43.42
2022-02-25,42.7541618347168,43.74731293456321,42.58863850855077,43.13389531407031,2040700,-0.925073779690333,44.23
2022-02-28,44.7696647644043,45.392817404883644,41.34232152748515,42.16021029668497,5534900,4.714167798398727,45.07
2022-03-01,46.53202438354492,46.785178767422174,44.15625014365502,44.41914337746003,4212900,3.9365039439425376,47.32
2022-03-02,48.15806579589844,48.975954662976726,46.084136362539674,46.736498200397634,3517100,3.4944566325993076,49.16
2022-03-03,48.216487884521484,49.005167630900786,46.29542348394674,48.5085902561972,2072200,0.12131319573889243,49.18
2022-03-04,49.65753173828125,49.69647971342555,46.979919732785696,47.87570087540457,2544600,2.98869518910434,49.94
2022-03-07,50.29042434692383,51.19594435870204,48.55727656094093,49.7159547019708,2726900,1.2745148348859203,51.56
2022-03-08,50.94277572631836,53.863806461608554,49.51146947745571,49.83278464119331,3873700,1.2971681743910946,53.33
2022-03-09,49.97883987426758,52.2669792324044,49.258317293409114,51.05961817413105,3050600,-1.8921934235177296,51.96
2022-03-10,49.96910858154297,50.280684957065525,47.97307126513804,49.238850754983844,2692700,-0.019470825551559656,50.78
2022-03-11,48.02174758911133,50.47541398521781,47.01886150430712,50.0664677287253,3034100,-3.8971297421762197,49.55
2022-03-14,49.60883712768555,50.494882928283914,47.31095912676253,50.494882928283914,2916600,3.304939154138742,50.49
2022-03-15,49.93989562988281,50.23199799526438,48.586485155997856,49.98857873839923,2117400,0.6673377594906604,50.87
2022-03-16,50.40726089477539,51.02067847104875,49.02463756412723,50.34883893513116,2989800,0.9358555099040267,51.36
2022-03-17,49.64779281616211,51.32251476255846,49.56989687181281,50.514364768491276,2244600,-1.5066640502420126,51.58
2022-03-18,47.719913482666016,50.056740030217405,47.59333813276718,49.31674706158673,9663900,-3.883111864881339,49.34
2022-03-21,47.92438507080078,48.128856357659465,47.320702632051606,47.622543851426194,2452000,0.4284827301898497,49.1
2022-03-22,49.79384231567383,50.67988825720932,48.69358624070676,49.02463657679051,3841900,3.900847641782401,51.29
2022-03-23,49.64779281616211,50.407259702152516,49.36542558932048,49.36542558932048,2396200,-0.2933083544463644,51.25
2022-03-24,51.03041076660156,51.19593778590466,49.430657960702284,49.832788517683525,2335200,2.784852804149951,52.02
2022-03-25,52.383819580078125,52.40329356494557,50.66041091927879,50.864885903245565,2441200,2.6521613154686596,53.29
2022-03-28,55.28538513183594,55.35354223241127,52.62724706654766,52.948562295788584,3127000,5.539049223629533,55.92
2022-03-29,54.847225189208984,55.87932039436397,53.19197360682107,55.49958697252145,2201300,-0.7925420824727913,55.85
2022-03-30,55.986427307128906,56.268794527584085,54.23380945602321,54.691435118734276,1934100,2.0770460383181977,57.25
2022-03-31,54.76932907104492,57.524836654275035,54.31169971068079,56.80431406865595,3817600,-2.173916598405645,56.88
2022-04-01,56.492733001708984,56.765361339434314,54.23380293811549,54.87642953009842,2156500,3.1466588324069455,57.57
2022-04-04,56.843265533447266,57.15484188306556,56.01563783691869,56.82379154731074,1885100,0.6204913678502288,58.27
2022-04-05,57.44694137573242,58.732194682250245,56.91141978373047,57.10615592108106,2143100,1.0620006374017166,59.34
2022-04-06,58.03114318847656,58.49851138059586,56.83352101759228,57.34957231305822,2559400,1.0169415442384588,59.47
2022-04-07,59.306663513183594,59.462451678286236,57.78772611772068,58.18693352293889,3925800,2.1979927580684233,60.22
2022-04-08,62.334800720214844,63.19164126815752,59.29693311515633,59.60850947025378,4762100,5.105897090902967,63.45
2022-04-11,59.08271789550781,62.95990172713664,58.819824672081964,62.490587236217735,3487700,-5.217122357226689,61.65
2022-04-12,60.241390228271484,61.54611745457809,59.277452153823575,59.39429234466638,2553000,1.9611019500031635,62.18
2022-04-13,62.51006317138672,62.850856079192795,60.124557388142016,60.406924621959625,3405700,3.765970430826049,63.28
2022-04-14,60.90349578857422,63.016376816295626,60.5442094796464,62.43217210026848,1860100,-2.5700939997576056,62.82
2022-04-18,61.64349365234375,62.48085277197752,60.650342643345844,60.650342643345844,1216800,1.2150334790935968,63.43
2022-04-19,64.9539794921875,65.12924161617839,61.22479921900859,61.95505683087654,2078800,5.370373487450575,65.94
2022-04-20,63.6882209777832,66.87214174128047,63.35230119867342,66.03477886333239,2182800,-1.948700486559929,66.11
2022-04-21,61.02033615112305,64.5547884353294,60.51402737683796,63.28900535676764,2493700,-4.188976840145708,63.28
2022-04-22,60.786651611328125,62.75932204100142,60.650337434125525,60.85480869992942,2030500,-0.38296173789698074,63.15
2022-04-25,60.63086700439453,61.185862595134466,57.87535932205153,60.71849808263152,2261600,-0.2562809478792949,61.25
2022-04-26,58.37194061279297,60.58218798936193,58.33299263888297,60.17324169187338,2136500,-3.7257035948996653,60.59
2022-04-27,58.50824737548828,59.579290521987005,58.15772308338826,58.43035143756261,1991600,0.23351418723509543,60.42
2022-04-28,59.696136474609375,59.73508073062404,57.25220519553995,58.63482842683989,3354600,2.0302934242715898,60.47
2022-04-29,57.65141677856445,60.231662426167254,57.59299853317232,59.881138096681866,2578400,-3.425212780586906,60.03
2022-05-02,56.668006896972656,58.410889764618304,55.40222743363773,57.73905020111376,2488200,-1.7057861480993863,58.05
2022-05-03,58.128517150878906,58.858774894698286,56.911420911179945,56.911420911179945,2224200,2.5773100800273063,59.72
2022-05-04,60.18297576904297,60.65520598668439,58.26775034675563,58.53745928755126,2628900,3.534338598095488,61.67
2022-05-05,58.57640838623047,60.35823908562034,57.612466518411146,59.60850734715709,1946800,-2.6694714946928433,60.14
2022-05-06,58.68351745605469,59.61824655184965,57.154844753259816,58.67377860535582,2861000,0.18285359716490035,60.28
2022-05-09,56.103275299072266,58.97562358098244,55.0809150534523,58.97562358098244,2193700,-4.396877128087362,57.87
2022-05-10,55.53853225708008,58.294036001753994,55.24156050014567,56.71668043564591,2156200,-1.0066133197780047,57.72
2022-05-11,55.8598518371582,57.47615560659422,55.04196295899279,55.60669743609227,1877000,0.5785525238419797,57.83
2022-05-12,52.19078063964844,56.46599048884682,51.810111626555965,55.93891232179871,3785600,-6.568351108781645,54.29
2022-05-13,53.30350112915039,54.56361537029571,52.346947272305,53.2254132762975,2317500,2.1320249972590632,54.66
2022-05-16,55.23613739013672,55.763219289420014,53.03996653322386,53.11805067195053,1631900,3.6257210502996795,56.33
2022-05-17,57.90082550048828,58.05699750474946,54.64073165353114,55.489916693986665,2215100,4.824175324807167,58.77
2022-05-18,55.90962219238281,58.81345001245998,55.567997142224925,57.998423866911104,4609100,-3.43898949780721,57.78
2022-05-19,55.86082077026367,56.13412081833815,53.606084203347564,55.76321467407533,2181100,-0.08728626702433351,56.47
2022-05-20,55.294700622558594,57.529911579421174,54.16245273981909,56.1341227597379,2266200,-1.0134476004807325,56.78
2022-05-23,55.24590301513672,56.21221994425124,54.52360882228595,56.124372950695374,1581800,-0.08825006171019334,56.78
2022-05-24,55.42159652709961,55.987722419258176,53.7525073872825,55.19709948403368,1682300,0.3180208891051306,56.43
2022-05-25,57.75441360473633,57.92034845653208,55.51920245368375,55.51920245368375,1974700,4.2092202748003515,58.68
2022-05-26,60.975467681884766,61.53475731220785,57.754413968092074,57.764176813018494,3260100,5.577156577491915,62.13
2022-05-27,65.00665283203125,65.04569676128389,60.516705224130654,60.90713706978898,2793800,6.61115905035381,65.08
2022-05-31,60.59479522705078,64.80168008190002,59.901778490310086,63.97201703480732,7389300,-6.7867786030764155,62.43
2022-06-01,62.127235412597656,62.39077264122722,60.66312149453268,60.8876185151572,2008600,2.5289963928498693,63.18
2022-06-02,62.2248420715332,62.58599285540929,60.49718718602911,62.16627617385307,1758500,0.15710768117609408,63.13
2022-06-03,63.61085510253906,64.24530583202849,61.60990055147521,61.746550561289304,1793500,2.227427157488826,64.99
2022-06-06,64.80168151855469,65.33852626809387,63.8207278727987,64.0012995399762,2033200,1.8720490615886876,66.1
2022-06-07,64.9578628540039,65.10426830118611,63.6020933062651,63.95249828651492,2721700,0.24101432522936062,66.29
2022-06-08,63.220436096191406,64.8797696817092,61.61967585506306,64.85048859466588,1922200,-2.6746981527354996,64.63
2022-06-09,59.745601654052734,62.91784815429697,59.696798606428054,62.72263596379826,1811000,-5.496378476180752,62.52
2022-06-10,58.359580993652344,59.59919787677547,57.7934551646241,58.41814316670065,1540800,-2.3198706214826004,60.13
2022-06-13,54.15269470214844,57.57872346306208,53.87939462036501,56.87594756883685,2113200,-7.20856150759801,56.43
2022-06-14,53.137577056884766,55.12877302638221,52.04437295975136,54.68953807378212,2330400,-1.8745468731464543,54.37
2022-06-15,56.807621002197266,58.13020346687874,54.34790916279192,54.36743112859286,3891700,6.9066828948253445,58.02
2022-06-16,56.866188049316406,56.954035041231585,54.73834572274734,54.982364731019,4837000,0.10309716563712268,57.85
2022-06-17,56.71001052856445,58.0765183316234,54.15757403491122,57.14924544550727,6478700,-0.2746403902025407,57.9
2022-06-21,58.93546676635742,59.48206691408699,56.71001107360308,56.71001107360308,4363600,3.9242740691646016,60.31
2022-06-22,57.793453216552734,58.98426700751821,57.456709562573174,57.86177823176216,3233400,-1.9377356496251497,59.41
2022-06-23,57.24686050415039,59.76513471899807,56.40743452472298,58.44743357120312,2667600,-0.9457692558260122,59.1
2022-06-24,57.861778259277344,58.89642005547985,56.592880331798014,57.432306202980456,6473700,1.074151053370631,59.34
2022-06-27,57.998435974121094,58.43864647260949,57.02235994313204,57.705613909511285,1718900,0.23617959723150062,59.21
2022-06-28,56.690494537353516,59.452787616367324,56.44647554307792,58.40838661874255,1401700,-2.255132254516623,58.81
2022-06-29,55.93891906738281,56.76370078739755,54.97260215163874,56.57336625789918,1412200,-1.3257521849196263,57.01
2022-06-30,55.89010238647461,57.426447078705294,55.197089416012176,55.53871820279127,2424400,-0.08726783020136519,57.59
2022-07-01,56.22197341918945,56.70025227460463,55.265419431793376,55.3630292611813,1531900,0.5937921358955212,57.39
2022-07-05,53.6256103515625,55.997475163662884,51.62465543610013,55.78274099060651,2696000,-4.618057513329433,54.35
2022-07-06,55.40207290649414,55.85107070266466,53.254708654822934,53.81107168482941,1716600,3.3127129803938615,56.47
2022-07-07,57.69584655761719,58.46694740573088,56.192688790684336,56.192688790684336,1872100,4.140230736482375,59.08
2022-07-08,58.22293472290039,58.37910673351648,56.04628197250165,57.529917935071715,2096000,0.9135634482056343,59.18
2022-07-11,58.408382415771484,58.70120444314433,57.01259357107903,58.2229293339033,1774700,0.31851313190187636,59.5
2022-07-12,57.81298065185547,59.64800456231336,57.51039575341491,57.98867462857135,1808400,-1.0193772525281308,59.85
2022-07-13,58.38886260986328,58.83785664999967,56.758817572372116,56.758817572372116,1577200,0.9961118619289389,59.5
2022-07-14,56.53431701660156,57.55919973885798,55.724175917442146,56.895467797567875,2608600,-3.1761974978913865,57.87
2022-07-15,54.32838439941406,55.29079529558035,51.38063473707877,53.64513052530134,5186100,-3.901935556309488,55.12
2022-07-18,53.49872589111328,55.314224089176605,53.28398798366557,54.98236182993469,2583100,-1.5271179466726958,55.42
2022-07-19,53.684173583984375,54.17221152565696,52.87402881355956,54.11364563222001,2326200,0.3466394568882647,55.01
2022-07-20,52.77642822265625,54.020926593178096,52.093174288319446,53.84035119547709,2803600,-1.6908993856597831,54.13
2022-07-21,52.86427688598633,53.54264941933889,52.03461376162887,52.571454825826905,1816800,0.16645435526529972,54.05
2022-07-22,52.70810317993164,54.26982326625956,52.141977321491275,53.479204101558594,1503100,-0.2954238954057997,54.35
2022-07-25,53.6451301574707,53.742739980779845,52.09316933947874,52.68857622964536,1847700,1.7777664552645733,54.71
2022-07-26,54.172218322753906,55.31422546230936,53.576811363457004,54.07461221154615,1993500,0.9825461579382466,55.79
2022-07-27,54.20149612426758,54.42599314517789,52.883795085705295,53.713458150957955,1557200,0.05404578660455073,55.31
2022-07-28,63.044742584228516,64.36245108568188,60.70216251791843,61.082835269413465,8460600,16.31550250879801,64.41
2022-07-29,64.51861572265625,65.00665367433575,62.11746989401729,62.3224449400985,3895200,2.337820852323458,65.81
2022-08-01,63.73777770996094,65.00667227936674,62.59576291656435,64.4698348469963,2735200,-1.210252272075818,65.29
2022-08-02,64.26483917236328,65.19211582471172,63.43517607584956,63.73776469457341,1722900,0.8269216175071925,66.02
2022-08-03,65.56302642822266,65.76800150490129,63.972025149125095,65.03594446810504,2286700,2.020058359404797,66.59
2022-08-04,65.84608459472656,66.73431730937178,63.94273941601357,63.94273941601357,2425900,0.43173444229849256,67.42
2022-08-05,72.5224380493164,74.16224576197654,68.08128998885883,68.09105283240312,4216800,10.139332498935772,73.61
2022-08-08,74.07440185546875,75.77277189137762,73.17641378561977,75.16760957976427,3183600,2.1399774302912844,76.02
2022-08-09,73.90847778320312,74.93335314103636,73.22522009777855,73.93775887244563,2945700,-0.22399650636311108,76.03
2022-08-10,75.27498626708984,75.35306669002762,73.69374041441105,74.23058521074714,2134600,1.8489198057834777,76.69
2022-08-11,76.94406127929688,78.14463040824184,74.84549670597173,75.27497246428973,2540200,2.217303642254853,78.88
2022-08-12,79.6927261352539,79.86873490856232,77.28727787351336,77.883751635269,2170800,3.5722898041211204,80.78
2022-08-15,79.39938354492188,80.60211152483747,78.47045281961574,78.47045281961574,1980100,-0.3680920512546759,81.5
2022-08-16,79.59496307373047,80.28921798591271,79.10605053330241,79.30161256538831,1878800,0.24632373713322497,81.42
2022-08-17,77.93263244628906,79.64382582148546,77.34593906683537,78.63666748571792,2502200,-2.0884872148273392,79.93
2022-08-18,79.79051971435547,80.32343255696183,77.65886088371721,77.65886088371721,1939600,2.383965753173878,81.57
2022-08-19,79.04737091064453,79.47761630603091,78.07932623123803,78.52912484449978,1704000,-0.9313748129118116,80.85
2022-08-22,77.88375091552734,78.95935676015588,77.75662891029447,78.95935676015588,1724600,-1.472054012311863,79.77
2022-08-23,77.9815444946289,79.09626440845611,77.8348692511858,78.49001021699054,1065800,0.12556351992809578,80.03
2022-08-24,78.58779907226562,79.02293090515029,77.55129948433044,77.89354420745038,1430200,0.7774334062830457,80.17
2022-08-25,80.90524291992188,80.9932510541371,77.99621487484673,78.23578469887433,1551700,2.948859587638064,81.84
2022-08-26,79.03759002685547,81.38437132549657,78.81268701289645,80.90523174362997,1641000,-2.308444824663547,81.46
2022-08-29,79.2038345336914,80.17187931135449,77.39485955798932,77.88377211683927,1191200,0.21033600186879386,81.06
2022-08-30,77.92288208007812,79.77097086234767,77.22862717681086,79.77097086234767,1802800,-1.6172859068690593,79.65
2022-08-31,79.78073120117188,80.56299411693531,77.80552815617665,78.48022973451732,3016500,2.384215100237852,81.63
2022-09-01,80.69010925292969,81.1008013897883,79.36027422286658,79.78073177737696,2421100,1.1398467249751798,82.17
2022-09-02,79.27227783203125,81.83418219159171,79.16471647791373,80.74879577110637,2232200,-1.757131616285379,82.1
2022-09-06,80.4358901977539,80.86612814411262,79.28205634757666,79.88830310024083,2013300,1.4678679578101983,82.08
2022-09-07,81.06168365478516,82.5870880729924,79.87264526424002,80.7683332081091,1759100,0.7780027740013962,82.97
2022-09-08,83.88758850097656,84.04403658596246,81.03234194303236,81.03234194303236,2184400,3.48611664448768,85.1
2022-09-09,85.56946563720703,85.86280865353186,83.54047433828417,84.58186032375798,1905300,2.0049177313171684,87.09
2022-09-12,86.17569732666016,86.69395073957297,85.52055649815856,86.59616229096336,1733800,0.7084673077466519,88.13
2022-09-13,84.46451568603516,86.07792833011887,83.86804187543322,84.97298883288217,1974200,-1.9856893459632152,86.64
2022-09-14,86.09748840332031,86.56684019381537,84.34718087663055,84.46451509414821,3600300,1.9333239574297778,87.94
2022-09-15,84.87520599365234,86.30282948084589,84.39606641176175,85.93125123691343,3631800,-1.4196493211767525,87.03
2022-09-16,83.6724853515625,84.93388050281774,83.0104959135836,84.68942425164919,6245600,-1.417045918191695,85.71
2022-09-19,87.37843322753906,87.7108901109888,83.35957231165018,83.50624753796527,4407400,4.429111744924841,88.92
2022-09-20,85.80414581298828,88.1802609185257,85.61835667125328,86.44951390940696,4626000,-1.8016887650654456,88.24
2022-09-21,85.34455871582031,88.09224438246586,85.2956719454367,86.82107644930937,2155100,-0.5356234163436002,88.54
2022-09-22,83.4866943359375,86.04859847624776,82.75332559892402,86.04859847624776,1863300,-2.1768984547323234,85.74
2022-09-23,81.99060821533203,82.46974027980161,80.33319547314419,81.92705467609939,2678800,-1.7920054596789359,83.29
2022-09-26,81.08124542236328,83.06622893497642,79.83941098222928,81.81461415619843,1973300,-1.1091060461223656,83.09
2022-09-27,82.10797119140625,83.52092809969989,81.23770748790155,81.83418136920879,1777800,1.2662925485352527,84.11
2022-09-28,83.13468170166016,83.6333745614198,81.33548720715847,82.24486479367876,1564300,1.2504395070979113,84.68
2022-09-29,81.1985855102539,84.29828884058377,80.25009410616018,83.16401576717945,1823700,-2.3288670285094626,83.25
2022-09-30,81.34526824951172,82.57732244044256,80.39677675792865,81.43326892305832,3267800,0.18064691439640956,83.39
2022-10-03,84.66986083984375,84.98277199303982,82.01018317958973,83.14445626907545,2026700,4.087014108963838,86.03
2022-10-04,87.35887908935547,87.48110721039623,85.22722782020846,86.34194768728325,1679100,3.1758859915904436,88.63
2022-10-05,86.2148208618164,87.4859962338784,83.69203079368774,85.73568874289977,1766700,-1.309607265414725,87.58
2022-10-06,84.36673736572266,87.91526203952621,84.04405333460653,86.27350053668958,1677300,-2.143579813331431,87.08
2022-10-07,82.51864624023438,83.84848875787597,81.5212680821093,83.80937486497919,2017200,-2.1905447374087283,84.54
2022-10-10,82.8413314819336,83.7311483127548,82.0688488713191,83.06622704413805,982800,0.3910452441982626,84.84
2022-10-11,81.04212951660156,83.428024792064,80.71945295148419,82.53820796307238,1534200,-2.17186509819004,83.47
2022-10-12,80.33809661865234,81.73637905086042,79.8687373885189,81.26702728093886,1878400,-0.8687245783750019,82.36
2022-10-13,81.96128845214844,82.45020093574756,77.54152288290585,78.77357697022268,2746500,2.020450946455754,82.48
2022-10-14,79.45806121826172,82.88044870229947,78.92025448668501,82.34264197072275,1693300,-3.054157982580008,81.68
2022-10-17,83.3009033203125,84.37650918859823,81.29635934652546,81.37458712681833,1678900,4.836314960536181,85.08
2022-10-18,84.59164428710938,85.46190795519169,82.6359942536277,84.58186394808237,1598900,1.5494921607676515,86.16
2022-10-19,83.78984069824219,84.31786718207711,82.68489348828221,83.20313963161631,1325800,-0.947851996050364,85.54
2022-10-20,82.68486785888672,84.80675347701742,82.31329709738293,84.45473593024052,2076500,-1.3187432153438206,85.46
2022-10-21,85.34455871582031,85.5205675016681,81.80483724296582,82.82176860540615,1749200,3.2166597417470966,86.15
2022-10-24,85.63790893554688,85.76502349043756,83.67247874253535,85.62617402182876,1325000,0.34372457265068324,86.76
2022-10-25,86.19526672363281,86.59617105470208,84.82631036687997,85.55967904440342,1647200,0.6508306835299127,87.85
2022-10-26,86.81129455566406,87.69133846913437,85.39345141633729,87.69133846913437,1370100,0.7146887009543246,88.5
2022-10-27,90.97684478759766,91.07462580188817,87.81358011090288,87.81358011090288,3345800,4.7983966294415925,91.92
2022-10-28,91.67108917236328,93.13978117475286,89.78388671819306,90.83015911753847,1958000,0.7631000903432827,93.75
2022-10-31,92.44357299804688,93.30405628074868,91.30440601968422,92.0524415203779,2276600,0.8426689730184567,94.63
2022-11-01,93.40182495117188,94.10586002596398,91.92042092305158,93.12803519102194,1467400,1.0365803939071494,95.32
2022-11-02,91.02571105957031,94.15475503348978,90.91815719022829,92.58045643934598,1966100,-2.543969449037786,94.39
2022-11-03,92.31646728515625,93.33339878025154,90.11636090516926,90.11636090516926,1484400,1.4180127906292528,94.35
2022-11-04,92.22845458984375,94.07654326082567,90.68838318409641,92.98137656460155,1974300,-0.09533802354095844,94.17
2022-11-07,91.42662811279297,92.95203256890437,90.89860177178242,92.95203256890437,2120300,-0.8693916434105331,93.71
2022-11-08,85.59879302978516,91.0403910102541,84.17116956453016,87.57399605425798,4345400,-6.374330108530324,88.59
2022-11-09,85.41301727294922,87.92602737209111,84.41563899688214,85.07077999489744,2241500,-0.2170308134733845,87.99
2022-11-10,93.03025817871094,93.71473260836251,86.24415114668636,88.49315134733313,4885600,8.918126474117827,94.12
2022-11-11,90.26302337646484,93.7440854499391,89.57366242112163,93.17694515940177,3133200,-2.9745535016470037,92.87
2022-11-14,91.97781372070312,92.76127340027224,90.09751945568753,90.09751945568753,1997000,1.899770559519487,93.9
2022-11-15,91.56649780273438,92.79064884287789,90.73407658976178,92.55561393522532,2537200,-0.44719036181675165,93.45
2022-11-16,89.78413391113281,92.56540147940859,89.39240408516616,92.35974500189172,1384600,-1.9465240392194327,91.89
2022-11-17,88.18785095214844,89.56868955028494,87.03225197924758,88.55999020823917,1792500,-1.777912075828847,89.91
2022-11-18,91.3706283569336,91.50773266329324,88.16433021044212,88.25638809374769,2515700,3.609088293252727,92.62
2022-11-21,91.45877838134766,92.27161652267607,90.84180890326884,92.12471689314525,1744800,0.09647523060660745,93.44
2022-11-22,94.27921295166016,94.36735571154445,92.14429324486535,92.60457523010838,1567600,3.083831448690888,95.6
2022-11-23,94.62198638916016,95.86572062284355,92.46258204932215,94.04418318304317,1135900,0.36357265484996404,96.01
2022-11-25,95.15081024169922,95.43480669188617,94.01479455445312,94.60238552609353,631700,0.5588805231419691,96.93
2022-11-28,92.84939575195312,94.59258545085369,92.42828754040558,94.08334196024057,1590100,-2.4187019363262507,95.1
2022-11-29,92.4772720336914,93.14321053841984,91.39022524697845,92.73189755740019,1436200,-0.40078205705920134,94.34
2022-11-30,94.13232421875,94.93536702905843,91.82112637998422,92.19326561884048,3361800,1.7896853450171335,95.75
2022-12-01,92.51643371582031,95.75798305182323,91.93863058015732,94.99411405181495,1748600,-1.7166159619883548,95.01
2022-12-02,90.1366958618164,91.55670816759876,89.15737496910431,91.0670477212427,1848700,-2.5722325844440452,92.14
2022-12-05,88.19763946533203,89.71558987655825,87.94302140627686,89.12799882020882,2397000,-2.1512397120225457,90.46
2022-12-06,88.90274047851562,89.0006710635848,87.94301028456316,88.00176714127973,1237500,0.7994556514868467,90.47
2022-12-07,90.0681381225586,91.27269856191637,88.71667059243768,89.00067453033809,1237200,1.310868076473537,92.23
2022-12-08,89.51972961425781,91.06215708719714,89.04965228130565,90.42070307482157,1002400,-0.6088818085198344,91.53
2022-12-09,87.86467742919922,89.96042367877412,87.83529899595884,89.47076320043183,1384600,-1.8488127613770056,90.33
2022-12-12,89.00067901611328,89.03985274796621,87.22811061161443,88.11929620011134,1554100,1.29289905813339,90.29
2022-12-13,88.96149444580078,90.79282696077469,88.52080309149063,90.07792698852715,1629900,-0.04402727119127148,91.08
2022-12-14,88.9712905883789,90.38151489013083,88.02134824465016,89.64702431157247,2561600,0.011011665933846615,91.15
2022-12-15,87.84508514404297,88.9713057169924,87.5806717783161,88.93213198287994,2245100,-1.2658076969415566,89.76
2022-12-16,86.3760986328125,86.76782847916235,84.15304352258707,86.32713707178462,3911700,-1.6722466701713734,87.85
2022-12-19,85.91581726074219,86.83637373406486,85.20090978765273,86.55236980484437,1238100,-0.5328804835548095,87.83
2022-12-20,85.74933624267578,86.29776103140782,85.32333403896811,86.18023983275977,1306600,-0.19377225681408428,87.58
2022-12-21,87.7961196899414,88.30536326758761,84.9169138690702,86.17044341862282,1409500,2.386937948386092,89.36
2022-12-22,85.52410125732422,87.52681082797406,84.74064150042344,87.28687450291203,1548300,-2.5878346795291107,87.31
2022-12-23,86.21941375732422,86.40548712102427,85.32822814341937,85.7101627003427,600700,0.8130018202798128,87.83
2022-12-27,85.82766723632812,87.07140873387048,85.46531588042521,86.61112680036855,634400,-0.45435999147328543,87.79
2022-12-28,84.81898498535156,86.51320598298219,84.63291162071414,86.13127142413478,752000,-1.1752413684961716,87.09
2022-12-29,84.97566986083984,85.87665075301823,84.49580471948832,85.35761187969152,870800,0.1847285433978607,86.88
2022-12-30,84.42724609375,84.80918061174017,83.35978999773256,84.80918061174017,1343300,-0.6453891660847977,85.97
2023-01-03,80.21617889404297,84.33911900642434,79.11933679094338,84.22159780806975,4030600,-4.98780594481426,82.34
2023-01-04,81.68515014648438,82.00832032663777,79.60898739546678,80.2553352273982,2612200,1.8312655535259958,82.86
2023-01-05,80.7058334350586,82.18460251333963,80.19168850340127,81.2052816803257,1906300,-1.1988919769010509,82.61
2023-01-06,81.77328491210938,83.39896098895746,81.36197197879525,81.89080609518109,1914100,1.3226447601333957,83.9
2023-01-09,82.2629623413086,83.4479398308204,81.85164932279233,82.11606269994532,1301500,0.598823233927237,84.23
2023-01-10,81.36196899414062,81.76348661289683,79.89298788194243,81.67535133254461,1376700,-1.0952600313975491,82.63
2023-01-11,82.37066650390625,82.63018589743939,80.73520269177784,81.28361990503667,1696200,1.2397653624118599,83.71
2023-01-12,82.5959243774414,83.04641858424066,81.05839080266166,82.14543764226798,1496700,0.27346855755316923,83.95
2023-01-13,83.39895629882812,83.93268429930066,81.72431128863813,82.07686734640191,1366200,0.9722415814575447,84.82
2023-01-17,81.64598846435547,83.26186201839758,81.2836370311782,82.19440579316367,2763600,-2.1019062015495416,83.74
2023-01-18,80.15740203857422,82.76239882467917,80.07905458524225,81.59700473914543,2084900,-1.8232205326672357,82.68
2023-01-19,79.16829681396484,80.09865613835929,79.08505543527502,79.91258277915531,1635500,-1.233953695422152,81.14
2023-01-20,81.28363800048828,81.38156860013962,78.78636661543742,79.44251732351553,1795100,2.671954900702511,82.33
2023-01-23,82.40005493164062,82.54695455205794,80.85076864451123,81.21507761109113,1596200,1.3734829771591128,83.62
2023-01-24,82.17481994628906,82.4882023340546,81.26405121440396,82.26295524052368,1176000,-0.27334324660149845,83.66
2023-01-25,81.67536163330078,81.83204908645178,80.78417605979276,81.69494476308519,1535200,-0.6077997047206574,83.07
2023-01-26,84.10407257080078,84.29014592468674,81.55783983506616,81.90060064094146,2161100,2.9736151624332186,85.14
2023-01-27,84.78960418701172,84.86795165115939,83.08558046411444,84.1040750831578,1455100,0.8150991922939665,86.17
2023-01-30,80.69603729248047,85.05401196526,80.54913767473651,84.14324330119739,3045800,-4.82791131505047,84.33
2023-01-31,83.59483337402344,83.73193770352724,80.67645377824489,81.16611423265148,2509000,3.592240931281876,84.69
2023-02-01,83.643798828125,84.09428553030297,81.16121684415883,83.68786647394533,2623400,0.0585747373674117,84.55
2023-02-02,83.5654525756836,84.88753427081552,82.02301770500854,83.71235220217056,2389600,-0.09366654018475584,85.35
2023-02-03,81.4794921875,83.398967639276,81.33260003647776,82.63509109583444,1807200,-2.4961994746505844,83.65
2023-02-06,81.53825378417969,82.11604948315107,80.80376316720762,81.29342357852234,1502000,0.07211826571582591,83.25
2023-02-07,84.15303039550781,84.48599585640922,80.62747727156297,81.6067979988601,2032900,3.206809675185185,84.58
2023-02-08,82.5959243774414,83.24227978331578,82.40006317836628,82.99744954865896,2005900,-1.8503267330341133,84.45
2023-02-09,82.67425537109375,83.6927498409042,82.1943902988451,83.17371104232156,1975000,0.09483639083012196,84.56
2023-02-10,85.01484680175781,85.20092016775703,82.4294401668111,82.46861390026493,1350300,2.8311007098376972,86.28
2023-02-13,84.6035385131836,85.4947241876638,84.16284706266386,85.09319900115045,1173500,-0.48380759837552967,86.42
2023-02-14,84.28034210205078,85.79045453263373,83.38916409688643,84.14323779356396,2383100,-0.3820128765446906,86.06
2023-02-15,84.23139190673828,84.6965678355265,82.61551094265123,82.75261526962827,2030600,-0.05808020481600229,85.85
2023-02-16,83.85923767089844,86.10188320635788,83.16882218321997,83.24226825479488,3037600,-0.44182368047758214,86.04
2023-02-17,82.80156707763672,84.26075280926732,80.20636576266361,83.43811954691172,3570700,-1.261245180182169,84.82
2023-02-21,78.7080307006836,81.29343751801846,78.24774863966259,79.92238663691634,5056000,-4.943790946752169,80.88
2023-02-22,76.19115447998047,77.66992337742795,74.820103987097,77.66992337742795,3341000,-3.197737509498211,78.02
2023-02-23,77.58180236816406,77.80214807484703,76.38702968279362,76.38702968279362,1584900,1.825209104226122,78.99
2023-02-24,77.90808868408203,78.04569029525793,76.14884859848094,76.39455344263176,1529100,0.42057068276086795,78.92
2023-02-27,77.0235595703125,78.72383294413603,76.65500229295388,78.05551544792641,1326200,-1.1353495236628208,78.87
2023-02-28,73.60332489013672,76.6500627284228,73.1217456104407,76.4731549830609,3584800,-4.440504566727476,75.59
2023-03-01,73.07261657714844,74.094749592614,71.57873447658586,72.85639512218043,2594400,-0.7210385044159828,74.17
2023-03-02,74.87117767333984,75.41173131004336,72.7286312107132,72.85639502560835,1949900,2.461333917463504,75.88
2023-03-03,77.62307739257812,77.83929135609044,74.69427236125887,74.92032411634837,2304600,3.6755128004593685,78.14
2023-03-06,77.4461669921875,77.52478684066784,76.02107445018176,77.01372408312142,2295000,-0.227909542282001,78.44
2023-03-07,76.56163024902344,77.71152710971948,75.99159321612025,77.71152710971948,2203900,-1.142131079583697,77.96
2023-03-08,76.72870635986328,77.10217501349508,75.77537039056683,76.41420446777424,1261600,0.2182243380873805,77.9
2023-03-09,77.28890991210938,78.81228284141503,76.0702160676546,76.69921982597424,3110500,0.7301094711784861,79.16
2023-03-10,76.2176513671875,78.40933454221528,75.91297223875031,77.82947466575268,2895700,-1.3860443188292826,78.1
2023-03-13,75.7753677368164,77.25451560578945,75.17584735440568,75.60829025275213,2242400,-0.5802902902902862,77.57
2023-03-14,76.59112548828125,77.74102252700612,75.84418055360347,76.16851279477751,2142800,1.0765474003348263,78.12
2023-03-15,76.00143432617188,76.54198055638872,75.03826790941504,75.96212064606775,1957000,-0.7699210037063642,77.16
2023-03-16,77.08252716064453,77.68204760476635,74.72375906062783,75.3036264156729,1962900,1.4224637259252049,77.94
2023-03-17,75.45103454589844,77.11200156641364,74.6795252926398,76.38471738216705,3896500,-2.1165530955490897,76.91
2023-03-20,75.6771011352539,77.08253331341275,75.58865097987271,75.73606790550802,1629500,0.2996202646074364,77.36
2023-03-21,75.20533752441406,76.76802427651381,74.66479135099155,76.24713119191956,2045700,-0.6233901718786572,76.66
2023-03-22,73.14142608642578,75.01861494848183,73.12177299549856,74.95964067906458,1863400,-2.744368293431654,75.34
2023-03-23,72.1389389038086,73.83921211223338,71.51975793915577,73.38711612911706,1655400,-1.370614761370148,73.96
2023-03-24,72.1782455444336,72.25686538290874,69.93741893410774,71.3133598363671,2777200,0.054487411684012166,72.52
2023-03-27,73.976806640625,74.1291499332413,72.17825299046818,72.17825299046818,3225500,2.491832660415927,74.95
2023-03-28,74.21269989013672,75.49036069544754,73.5679645624892,73.7802569261424,1752200,0.31887460438468906,75.88
2023-03-29,74.57633209228516,75.24464957274421,74.12915497168315,74.97929163855932,2299500,0.4899864884133853,75.96
2023-03-30,75.50018310546875,76.10953380943641,74.69427152838463,75.37241928777472,1737800,1.2387992105060475,76.66
2023-03-31,77.15131378173828,77.24959421045945,75.41172694859382,75.50017708494806,2984400,2.186922744230979,78.14
2023-04-03,75.30362701416016,77.20046880361905,75.16603289457802,76.65991512074845,1894900,-2.3948869786005855,77.1
2023-04-04,74.71393585205078,75.64761888555533,73.82940429169187,75.35277003322383,1316200,-0.7830846739938391,75.84
2023-04-05,75.18568420410156,75.79503493233936,74.37977259491838,74.57633347586375,1204800,0.631406104725829,76.6
2023-04-06,75.63778686523438,75.65744745404407,74.85153577415184,75.29380154424092,1223000,0.6013148193285245,76.68
2023-04-10,76.00143432617188,76.040748006276,74.55668845019551,75.21517572072476,1485500,0.48077485607216364,77.04
2023-04-11,76.0898666381836,76.47316555641098,75.84908071420148,76.42402909154255,1371500,0.11635610932314577,77.43
2023-04-12,75.4903564453125,76.61076997229316,75.34293953253902,76.59111688336236,1171100,-0.7878975471488636,77.28
2023-04-13,75.81468963623047,76.25695537693788,74.86135359687032,75.37242389552306,1324700,0.42963526229065074,77.04
2023-04-14,75.11688995361328,75.31836973801911,74.20286757625126,75.00877921555734,1328400,-0.9204016872789822,76.19
2023-04-17,73.75076293945312,75.50509153287638,73.37729429589568,75.2643055975276,1093300,-1.8186682316104652,75.22
2023-04-18,73.20039367675781,74.64513192509575,72.89571455780249,74.04561147922777,1235200,-0.7462556870728831,74.73
2023-04-19,73.46573638916016,74.10457037916379,73.2229784231946,73.68195781639051,1039300,0.3624880947690867,74.87
2023-04-20,75.15619659423828,75.25447702918267,73.40677935795188,73.45591582626581,1926900,2.3010185266822525,76.17
2023-04-21,75.23483276367188,75.64269624160197,74.65496538236572,75.50019071896966,1178900,0.10463032058174448,76.44
2023-04-24,75.96211242675781,76.00633750022052,74.30114523908883,75.11688714176908,1094300,0.9666794440421844,76.95
2023-04-25,75.6082992553711,75.8146904364341,74.53702217463393,75.32328072009823,1722400,-0.46577584546225737,76.72
2023-04-26,74.55667877197266,75.64760888371566,74.16354952028131,75.19551286868149,3100600,-1.390879696746694,76.01
2023-04-27,75.43138122558594,75.91296058274192,74.67461366434081,74.95962466263585,1865700,1.1732046920819972,76.47
2023-04-28,76.0702133178711,76.13901036712805,74.98911361598354,75.57880368080257,2233400,0.8469049378462934,77.03
2023-05-01,75.72623443603516,76.31592455041499,75.44121592278297,76.18815323511633,1788300,-0.4521860355492513,77.13
2023-05-02,75.47068786621094,76.07020818282982,74.6451158325409,75.41172111320432,2554000,-0.3374610816546997,76.65
2023-05-03,75.19551849365234,76.26678809887244,74.84170289049479,75.8736588177732,1607000,-0.36460429915041725,76.76
2023-05-04,77.2397689819336,78.98919372045339,73.62300097865645,75.65743672965812,3830400,2.71858021492839,78.46
2023-05-05,78.12431335449219,79.06781909497417,76.9351027597706,77.76067496914052,2359300,1.1451929287430884,79.33
2023-05-08,77.35770416259766,78.47811753517719,76.73853071932454,78.37000681516372,2360100,-0.981268390054213,78.69
2023-05-09,77.59358215332031,77.74100655067703,76.47316873071549,76.64025371348846,3158300,0.30491855113339295,78.66
2023-05-10,78.08992767333984,78.7435035615722,77.39212670578719,78.47813808901454,1629400,0.6396734191737474,79.51
2023-05-11,78.03764343261719,78.46176134624648,77.16967699075744,77.50502971375543,2497400,-0.0669538854503382,79.04
2023-05-12,78.75765991210938,79.29027367879735,77.78120510236076,78.36313035993028,1991000,0.9226527709206067,79.51
2023-05-15,79.17190551757812,79.98068764138644,78.09682029661172,79.52698133047198,2048300,0.525975004756396,80.14
2023-05-16,77.91928100585938,79.09300422901877,77.25844840333455,79.09300422901877,3709100,-1.5821578418882876,78.98
2023-05-17,79.29026794433594,79.5269826485135,77.63324996504352,78.00804887374338,2329500,1.75949639264954,80.05
2023-05-18,80.28645324707031,80.35549534928732,78.4735920059586,79.17190677910688,2849300,1.256377773163453,80.61
2023-05-19,81.17414093017578,82.09634774398268,80.41467029819691,80.61193881787793,2407100,1.1056506386871279,82.44
2023-05-22,82.38731384277344,82.81143177181363,81.18400215921638,81.59826230562243,1908300,1.4945312616750694,83.44
2023-05-23,82.89033508300781,83.40321818053583,82.0273050686396,82.21963717084067,2232200,0.6105566704047716,83.93
2023-05-24,82.17031860351562,83.21582294358137,81.4207208050076,82.89033553039982,2430300,-0.8686374337504521,83.22
2023-05-25,81.61797332763672,82.06181428134244,80.77960290117935,82.06181428134244,1863100,-0.6721956118292072,82.65
2023-05-26,82.70292663574219,82.80155712613481,81.18399300361884,81.81523717216048,2267100,1.329306847341294,83.44
2023-05-30,82.55499267578125,83.88159446756777,81.997726913916,82.71280751013191,2198200,-0.17887391169661981,84.13
2023-05-31,82.87060546875,83.39336140478227,81.3220833252827,82.38731076187827,5214700,0.38230612436520595,83.84
2023-06-01,87.66411590576172,87.94226337370695,83.63007085514494,83.71390714928712,3646900,5.784331380104768,88.25
2023-06-02,86.34246063232422,87.83180605885687,86.07614999693807,87.447141829988,3225600,-1.5076354330183062,87.85
2023-06-05,86.3128662109375,87.59507770935109,85.9873788015229,86.6186230061318,1819000,-0.03427562889681823,87.98
2023-06-06,88.32495880126953,88.66030398846529,85.94792399487551,85.94792399487551,2311500,2.331161828660333,89.38
2023-06-07,89.56771087646484,89.63675297090396,87.91069308490212,88.32495317656074,2452100,1.4070225359419597,90.33
2023-06-08,91.03734588623047,91.20304693634384,89.81430357583422,90.23842150886962,3075700,1.640808942625105,92.05
2023-06-09,92.0137939453125,92.48722333254555,90.83020542718099,91.03733924974793,2530100,1.0725796645063568,93.22
2023-06-12,92.46749877929688,92.73380186477056,91.60939768161624,91.7277587890625,1720700,0.4930834981698773,93.6
2023-06-13,92.96065521240234,94.02588256354757,92.3096804339167,92.67462152413053,2429900,0.5333294829165336,94.47
2023-06-14,91.92501831054688,93.70039726880765,91.50090042190814,93.23682567831598,2573200,-1.1140593829606527,93.78
2023-06-15,92.18146514892578,92.46749884836632,91.68830515506782,92.43791045273873,3712300,0.2789739323331597,93.35
2023-06-16,91.6192626953125,93.22696155993518,91.4713131927342,92.30968367397885,4963400,-0.6098866542259884,93.23
2023-06-20,90.7315902709961,92.08285161200735,90.63295975906678,91.8559946620468,1846900,-0.9688709537735929,92.39
2023-06-21,89.261962890625,89.78964771972505,87.9649496406152,89.63676179375355,2684900,-1.6197526969180531,90.39
2023-06-22,88.02906036376953,89.44442716161055,86.66300505111764,89.26196036886434,3205600,-1.3812182557156771,89.02
2023-06-23,89.12387084960938,89.45921601896335,87.9008362245772,88.41371928506683,2875900,1.2436921186204541,90.16
2023-06-26,89.39017486572266,89.95237693940554,88.46303922448848,89.01537599160876,1890400,0.2988021206604241,90.63
2023-06-27,89.60716247558594,89.76990616402409,88.7490689683968,89.72552357400198,1472800,0.242742124835571,90.65
2023-06-28,89.31128692626953,89.65649745186298,88.48277413982018,89.65649745186298,1605400,-0.33019185201520473,90.48
2023-06-29,89.62689971923828,90.09540020696875,88.90688281939225,89.27182392274219,1738700,0.35338511383147253,90.94
2023-06-30,90.29759979248047,91.02747449179834,89.7945744811147,90.79075979675393,2666400,0.7483245268364636,91.5
2023-07-03,90.34691619873047,90.48500040544597,89.09429303066125,89.76499097400438,1089100,0.05461541210767251,91.43
2023-07-05,90.87952423095703,91.9348863303388,90.10033052767152,90.16937262669558,2087300,0.5895143460735497,92.38
2023-07-06,89.755126953125,90.21869859304074,88.62085736025084,90.21869859304074,2263300,-1.2372393972646,90.54
2023-07-07,90.08060455322266,90.45540343234428,89.41977198015658,89.75511715752474,1334000,0.3626284215136222,91.26
2023-07-10,92.31954956054688,92.34913795624348,90.12991797870617,90.12991797870617,1539300,2.485490654096778,92.87
2023-07-11,93.06916809082031,93.13821019893564,91.5896878954703,92.55627740908476,1260900,0.81198243908438,93.99
2023-07-12,94.74589538574219,94.84453340429769,92.79298602874158,93.64122181815374,1532600,1.8015926534184379,95.62
2023-07-13,93.96670532226562,94.7557643510287,93.58204111512539,94.53877274186763,1462400,-0.8223998098326302,95.37
2023-07-14,93.70040130615234,94.22808612551981,93.40351651380585,93.591905502638,1259900,-0.2834025256073125,95.11
2023-07-17,94.86425018310547,95.59412481671804,93.17764402332605,93.17764402332605,1951400,1.2420959363347972,96.15
2023-07-18,94.06534576416016,95.32783422263489,92.60558878090825,94.68672468590248,1925300,-0.8421554140819909,95.41
2023-07-19,93.43409729003906,94.23301408527216,92.64503827682837,93.53272778543429,1785300,-0.6710744206519514,94.52
2023-07-20,95.5645523071289,95.98867024411841,93.93712266402846,94.19356799279598,1600300,2.2801686738369797,96.58
2023-07-21,95.27851867675781,96.8073178180487,94.99248494919257,96.24511567077222,5081100,-0.2993093395674884,96.92
2023-07-24,95.22920227050781,95.48564006127026,94.45000854082652,95.27851375718151,1077800,-0.05176025712292365,96.37
2023-07-25,96.18592834472656,96.81718010224154,94.58809467343427,94.63740616111407,854800,1.0046561888663819,97.59
2023-07-26,96.0083999633789,96.89608960499643,95.3475672676847,95.3475672676847,1243000,-0.18456793462698906,97.43
2023-07-27,94.1146469116211,96.41277417887261,93.89765532071853,96.39305109107417,897900,-1.9724868370685877,95.95
2023-07-28,94.43028259277344,95.33770278770429,93.9568531671813,94.94317324969414,1135900,0.33537360178246267,95.77
2023-07-31,95.32782745361328,95.36728115576719,94.09492748014446,94.528903153789,1170200,0.950484141523189,96.17
2023-08-01,94.98263549804688,95.76182181128436,94.75577854765604,94.92345117075646,1469600,-0.3621103771974443,96.37
2023-08-02,94.24288177490234,94.71138228364231,93.13820063348447,94.67685747061769,2040300,-0.7788304875576357,95.25
2023-08-03,99.75640106201172,102.15710200033617,94.4500023378348,94.65712862832056,3511000,5.850329683549282,101.4
2023-08-04,102.51809692382812,103.27263107557455,100.39750754881166,100.52572643194327,2723600,2.7684397516502646,103.57
2023-08-07,102.3307113647461,103.2184009683369,101.36905076294991,103.14935886167012,1759800,-0.18278290829106814,103.66
2023-08-08,103.3761978149414,103.49455892512142,101.55150730189024,101.55150730189024,1207300,1.0216741741086777,104.19
2023-08-09,103.6720962524414,104.4512899588298,102.88106568259825,103.1888015573484,1646700,0.2862345914769415,105.29
2023-08-10,104.27375030517578,105.38828918228437,103.67209451066803,104.5203303021044,1563700,0.5803432885830295,106.0
2023-08-11,105.38335418701172,105.53862583282842,103.83069054489607,104.27572613871533,1414100,1.0641258021203637,106.32
2023-08-14,105.8185043334961,106.41187761512109,104.54571287237025,105.2844661164884,2404000,0.41292113905595507,106.97
2023-08-15,105.06689453125,105.40808624433012,104.45374540759359,105.2152397384784,1709600,-0.7102820125649556,106.14
2023-08-16,103.93948364257812,105.27457542521945,103.8405893522252,105.22513205261833,1835200,-1.0730410313369965,105.43
2023-08-17,103.66256713867188,104.97293334269385,103.41532766280736,104.31528297662624,1800600,-0.2664208962770087,105.14
2023-08-18,103.61312866210938,104.3746305644591,103.35600500885577,103.37578084943262,1660800,-0.04769173475741573,105.06
2023-08-21,104.9383316040039,105.28051172821782,103.1285366942071,103.4450029452248,1377000,1.2789913392308838,105.62
2023-08-22,105.08668518066406,105.36853430324592,104.34496663839965,104.49331185588278,1276900,0.14137215104579326,106.2
2023-08-23,107.24260711669922,108.05355236870955,105.76905427542684,105.76905427542684,1393500,2.0515652694998554,108.54
2023-08-24,105.73938751220703,109.03261946189221,105.66026906139851,107.69752767138898,1498700,-1.4016999818518117,107.79
2023-08-25,104.70098114013672,106.25364482364756,104.40429073634722,105.64048817688612,1383800,-0.9820431123174767,106.08
2023-08-28,104.20651245117188,106.16464516500783,104.06805892777544,105.13118581353045,1088000,-0.4722674836284746,105.87
2023-08-29,104.37461853027344,104.99765929614618,103.64279179089353,104.06804399319876,1131500,0.16132012783782734,105.56
2023-08-30,104.57241821289062,105.09458792318657,103.92959399522043,104.17683349854352,1167400,0.1895093705754025,105.76
2023-08-31,103.0098648071289,104.91854642791591,102.62416426092143,104.78009291703137,2035500,-1.494230919075279,104.43
2023-09-01,106.10530853271484,106.22398621322753,104.03838231507049,104.46363457213553,1338800,3.004997367370299,106.84
2023-09-05,104.8790054321289,105.55149721570362,103.98993008262715,105.37348446284116,1433200,-1.155741515239872,106.08
2023-09-06,105.46248626708984,106.59978953813533,104.8196620230075,105.15591168482105,1337800,0.5563371168107789,106.75
2023-09-07,107.34149932861328,109.72983373957784,105.99651588129804,106.66900760495567,1951100,1.7816885681651184,109.05
2023-09-08,107.44039154052734,108.44913287909418,107.03492270278412,107.03492270278412,1428100,0.09212859195428802,108.88
2023-09-11,108.76560974121094,109.17800506728953,107.45029372287887,107.5986389395214,1820700,1.2334450588666224,109.81
2023-09-12,107.30193328857422,108.8793223630358,106.95579952893141,108.33045042090575,1557100,-1.34571622052162,108.81
2023-09-13,108.06343078613281,108.8743759951433,107.31182818422573,107.57884350816504,1894600,0.7096773321974004,109.34
2023-09-14,111.21820068359375,111.37643756379525,108.31561176188882,108.54801746396618,2308300,2.919368628694108,112.02
2023-09-15,108.71615600585938,111.43579057500472,108.58759417884502,111.21821860224894,4287700,-2.2496719622829287,110.68
2023-09-18,109.5172119140625,111.0105406763375,109.1908614931596,109.21063733421539,1358500,0.7368324429719131,110.95
2023-09-19,109.31941223144531,110.1501332842246,109.08206443710128,109.86333457453165,1972100,-0.18061059002524305,110.7
2023-09-20,108.9139404296875,109.95234933445656,108.69637601039888,109.70510983762114,924500,-0.37090558161744225,110.28
2023-09-21,108.7260513305664,109.41831895323071,108.30079906374371,108.41946920182833,1443800,-0.17251152458521712,110.02
2023-09-22,109.14140319824219,109.51720451411882,107.41566880812398,108.25133950784955,1210500,0.38201687874506174,110.13
2023-09-25,110.9709701538086,111.67312938966184,108.28595295357718,108.50846698227393,2115200,1.6763271333823937,111.79
2023-09-26,107.29205322265625,110.48144132056069,106.73823914721821,110.42705587293457,2309700,-3.3152066040814776,109.07
2023-09-27,109.527099609375,110.06113784020225,107.7766472515114,107.7766472515114,2819500,2.083142525085724,110.48
2023-09-28,108.1128921508789,109.75456611166096,107.63324689999686,109.54687828445034,1550700,-1.2911941095307244,109.7
2023-09-29,107.87554931640625,109.48754827263139,107.44040534619643,108.8249481690129,2867500,-0.21953240705228083,109.33
2023-10-02,103.57357025146484,107.10414985938677,101.625321867164,107.10414985938677,2892500,-3.9879093012295197,104.46
2023-10-03,103.73180389404297,103.76147142678386,101.27424266332945,102.07035415419651,2557000,0.15277415096723868,103.96
2023-10-04,104.98777770996094,105.42291406945138,103.07413898034356,103.4845574276478,1973900,1.2107895252654544,105.81
2023-10-05,106.68878936767578,107.30194606142399,105.43281599170804,105.79873317840226,1589200,1.6201996983058908,107.66
2023-10-06,108.9534912109375,109.35896757599636,103.96914243559357,105.37346840310104,2095800,2.1227177257181262,108.84
2023-10-09,110.15013885498047,110.25595959389476,108.75571200439312,108.95350058549108,1258400,1.0983105091384449,110.97
2023-10-10,111.75224304199219,112.23683030183317,109.73476801440017,109.73476801440017,1464400,1.4544731433529856,112.78
2023-10-11,113.79939270019531,113.90620185050035,112.05882456962043,112.65220538458152,1353300,1.8318644910186643,114.34
2023-10-12,114.44220733642578,114.87735121904561,113.19611829220074,113.64115386628461,1299700,0.5648664909170265,115.48
2023-10-13,112.43463134765625,116.09377273150368,111.74235625804299,115.48061608844341,1699400,-1.7542269023768986,114.27
2023-10-16,115.53996276855469,115.82676148855582,113.34447484279823,113.50270419633125,1701700,2.7618994109533057,116.38
2023-10-17,115.85643005371094,116.68715114375463,114.43232813346383,114.76857777358914,1214600,0.2739028796384435,117.14
2023-10-18,114.7883529663086,117.33491675849555,114.53122177768029,116.03444213949892,1050700,-0.9218971160316114,116.49
2023-10-19,113.02800750732422,115.32238970019334,112.8499947705865,114.71912473375723,981000,-1.5335575548340308,115.05
2023-10-20,110.86219787597656,113.52249749243806,110.68418512199119,112.85000570462127,1654400,-1.9161707607800782,112.54
2023-10-23,110.87207794189453,111.78191745789117,109.1799723142473,110.59517091921299,950800,0.008912024213181269,112.18
2023-10-24,113.00822448730469,114.02685753951651,112.00938236502844,112.00938236502844,1930900,1.9266767477106983,114.51
2023-10-25,110.79296875,113.00823266167423,110.43694324962274,112.96868097954442,1575000,-1.9602606335555217,112.37
2023-10-26,111.475341796875,111.78191634820749,109.91278641851186,110.76329086267658,1652700,0.6158992349187375,112.32
2023-10-27,109.55677032470703,112.1082838754998,108.67956351820159,111.75225837794028,1128700,-1.7210725181393882,110.87
2023-10-30,111.78192138671875,111.97971751355077,110.27375892965921,110.6248423390668,1271600,2.031048428514981,112.69
2023-10-31,111.67314147949219,112.25663065395639,109.94246488758576,111.87093761708648,1942000,-0.09731440100249067,112.6
2023-11-01,113.58181762695312,114.10596412666918,111.58412591282111,112.33572851290626,2751300,1.709163118520718,114.56
2023-11-02,115.89598846435547,116.5981477270015,113.11701140089222,113.64116546990887,1894600,2.0374483220571227,117.0
2023-11-03,115.7773208618164,117.35965226353866,115.55974887936374,117.33987642202082,1853200,-0.10239146678968636,117.56
2023-11-06,123.35272979736328,124.23685543789601,116.75637446307374,117.67610566862443,2530800,6.543085363486978,124.26
2023-11-07,118.54640197753906,123.59404008936203,117.34976366458599,123.06593988065562,2271500,-3.896409773597853,119.66
2023-11-08,119.84192657470703,120.13861698245093,117.65138075739749,119.09031640819953,1730200,1.092841769599584,120.6
2023-11-09,119.29800415039062,122.9818788392367,119.18921816374505,120.24740295144667,1603200,-0.4538665556059307,121.61
2023-11-10,120.42540740966797,121.36986407183615,120.03576075023639,120.10894116443079,1219700,0.9450311154041602,121.95
2023-11-13,120.37596893310547,120.88627011409791,119.57491536778075,120.03971928972237,891600,-0.041053194359819134,121.71
2023-11-14,125.12295532226562,125.31085974542385,122.01762799245769,122.68023554696025,1433300,3.9434668158709663,125.62
2023-11-15,120.64298248291016,125.83501190439266,120.34629961448726,125.18230355774176,1982200,-3.5804563821377866,122.53
2023-11-16,120.60531616210938,122.74641855793818,120.44672018610333,121.9236797171725,1474500,-0.0312213110332471,122.4
2023-11-17,120.6251449584961,122.4391256587985,120.53592857766941,121.13067672019314,1487900,0.01644106331106787,122.08
2023-11-20,121.2099838256836,121.77499572035157,120.41698878828348,121.37849442033487,1041600,0.48483992901209305,122.32
2023-11-21,121.43797302246094,122.10210834322442,120.78374475116568,121.82455970545061,984700,0.18809440409233158,122.54
2023-11-22,122.1714859008789,122.75631940413388,120.9076414307571,121.82455013092829,1376700,0.6040226628966305,123.17
2023-11-24,122.77615356445312,123.21230572857893,121.97324395561508,121.99306561642402,532500,0.4949335428929835,123.88
2023-11-27,124.00529479980469,124.282843413664,122.2904376230457,122.84553485076434,1073200,1.00112375218393,124.74
2023-11-28,123.36099243164062,125.39305685232446,122.6770354459458,123.88636099873263,2003000,-0.5195764980876261,124.96
2023-11-29,119.52484893798828,122.85544737293031,118.71202477009363,122.46886072982387,2078800,-3.109689228366175,120.98
2023-11-30,119.98082733154297,120.7936515305884,119.46041988814552,119.53476056750259,2650000,0.3814925495461363,121.08
2023-12-01,118.83097076416016,119.88170023020626,118.60298764603161,119.56450073695126,1454900,-0.9583669265802008,120.15
2023-12-04,117.87937927246094,118.50387124746965,117.01699711669906,117.95868104113393,1946900,-0.8007941747676273,118.75
2023-12-05,117.27471160888672,117.89920355773859,114.87093640240276,117.6662593486641,1805900,-0.5129545704313676,118.12
2023-12-06,111.64442443847656,118.62282157447176,111.23801609069409,118.29570743622982,2629800,-4.800938832565427,113.75
2023-12-07,109.56280517578125,112.4473448284879,108.49225390904681,112.26891961736548,3497000,-1.8645080335762065,110.6
2023-12-08,110.2368392944336,110.63334054691853,108.69049272863798,109.02751387753914,2627300,0.6152034146724716,111.14
2023-12-11,115.13362884521484,115.28231778003943,109.70157835637221,110.57388274060536,2582900,4.44206272796186,115.46
2023-12-12,113.48814392089844,115.38143394220523,112.85374489742973,115.1435361990627,1846200,-1.4291957448232528,114.74
2023-12-13,115.41116333007812,115.72836282289038,112.53653867248626,113.58726057443329,1731100,1.6944672304448183,115.43
2023-12-14,114.58841705322266,116.77907708887555,114.36043395031972,115.61931722811201,2456400,-0.7128827516471703,116.14
2023-12-15,117.71086120605469,119.81231256655467,114.59833882843782,114.65781136984691,5714900,2.724921273135106,118.0
2023-12-18,118.3155288696289,120.47645286195382,117.86946966513209,118.52369033590294,2019800,0.513688930128331,119.71
2023-12-19,119.75283813476562,119.99074343693559,118.21144500829932,118.7219378465941,1012700,1.2148103286766965,120.57
2023-12-20,115.98609161376953,119.0738313027512,115.97617700247152,118.78141455183662,1324300,-3.1454340286759086,117.98
2023-12-21,117.27471160888672,117.39366425691388,115.78783754039382,116.46188742061591,904600,1.1110125164043527,117.95
2023-12-22,114.32079315185547,116.94760552922706,113.02225131758715,113.99367904044671,1188400,-2.518802576025614,115.78
2023-12-26,116.54119110107422,116.8088251102426,114.57851397085284,114.57851397085284,740700,1.9422520505690821,117.32
2023-12-27,116.39250183105469,116.72953055701213,115.85722625168655,116.25372752114066,541300,-0.1275851641936443,117.35
2023-12-28,116.0852279663086,117.74061279369283,115.92662441840827,117.67122563214478,559700,-0.2639979894856981,117.39
2023-12-29,115.86713409423828,116.24380611876668,114.91553564072002,115.70853813330136,849900,-0.18787392322958674,116.73
2024-01-02,114.24149322509766,116.20417036251024,113.96394460342235,115.3814315463779,1362800,-1.403021557276496,115.71
2024-01-03,114.83623504638672,116.1407210592655,114.48929928834245,114.48929928834245,1372400,0.5206005318200813,116.1
2024-01-04,114.35053253173828,116.08422829417302,113.99368213916159,115.19309301763161,1348900,-0.4229523150530379,115.76
2024-01-05,115.22283935546875,116.6324007980721,114.1027301469733,114.1027301469733,1729900,0.7628358210648001,116.36
2024-01-08,116.00592041015625,116.13478767706036,114.02342153601838,115.1732745130822,1351700,0.6796231190516533,116.53
2024-01-09,115.47063446044922,115.90678659372287,114.16218562326063,115.42107653061599,1514000,-0.4614298544543649,116.41
2024-01-10,114.83623504638672,115.41116148122141,113.95897725897795,115.00474561991788,1090500,-0.5494032461385578,115.76
2024-01-11,111.9219741821289,114.2811450484033,110.50448722751614,113.9936818128376,1609300,-2.5377537526205307,112.9
2024-01-12,111.9219741821289,113.41875534170619,111.75345603532638,112.94295986138785,1556900,0.0,113.1
2024-01-16,110.83158874511719,111.84762085369313,110.32605701559284,111.38669353042695,1417000,-0.9742371370588532,111.95
2024-01-17,110.94062042236328,111.01992218181054,108.48232638055427,110.25666354436869,1484500,0.09837599413722309,111.46
2024-01-18,110.43509674072266,110.92080681799949,109.28524383314027,110.3954458581199,1614900,-0.4556705016756202,111.23
2024-01-19,113.44849395751953,113.60709749599063,110.4747456748833,110.4747456748833,1684200,2.7286590094376173,113.53
2024-01-22,116.18434143066406,116.34789848941112,113.32954587717775,113.45840557681204,1876700,2.4115326503752144,116.37
2024-01-23,117.65139770507812,119.50502930599912,116.13478728154894,116.69979915624869,1929400,1.2626970694579853,119.22
2024-01-24,114.6578140258789,118.47412262822664,114.33069991528643,118.0974505861894,1514600,-2.5444522866641672,116.26
2024-01-25,119.49510955810547,119.53475287612328,116.01582229804654,116.8682973254414,1425800,4.218897397725341,119.56
2024-01-26,120.20880889892578,121.33884014893823,119.01931266883096,119.01931266883096,1558800,0.5972623845942993,121.31
2024-01-29,119.95109558105469,120.6766848393534,118.95488506432439,120.03038978781345,1801500,-0.21438804712539117,121.0
2024-01-30,120.8134765625,121.2397141155187,119.64380194463239,120.26829391919053,1285500,0.718943813950057,121.73
2024-01-31,120.93242645263672,123.09335044093504,120.30298096790754,121.70559977239463,1666100,0.09845746809147293,122.49
2024-02-01,126.51315307617188,126.58254022885667,120.93242190271712,120.93242190271712,1937400,4.614747911074835,125.89
2024-02-02,128.57496643066406,131.90556502230515,125.3236620434847,125.89858851097064,3781700,1.6297225263611992,130.61
2024-02-05,125.91841125488281,127.29624732881588,124.74873664938933,126.78080096353207,1878000,-2.0661527274936753,127.3
2024-02-06,129.8635711669922,130.34432770404507,126.07700653645638,126.64201836026885,2656900,3.1331080759299246,130.67
2024-02-07,131.34054565429688,132.62917290086384,129.66533174628637,130.80527763278485,2087600,1.1373277925688985,132.7
2024-02-08,129.57611083984375,132.7976710930332,129.0309206950204,131.39009888974826,1228700,-1.3434045105137016,131.5
2024-02-09,131.013427734375,131.35044889092558,128.86241841131033,128.88224763383243,1245300,1.1092452807969888,131.94
2024-02-12,127.38545227050781,131.0332578509474,126.84026964955042,130.66650042074377,1206900,-2.7691630748130414,128.9
2024-02-13,126.79071044921875,127.68282883142639,125.62103589101332,126.79071044921875,1503700,-0.46688362814468753,127.68
2024-02-14,127.54405975341797,128.30236494696072,126.57263956681612,127.17730231184972,1372300,0.5941675865133167,128.74
2024-02-15,130.3492889404297,130.46823402181155,127.70265500283068,128.78311315942167,1348900,2.199419708322825,130.75
2024-02-16,130.0122833251953,131.49915752115976,129.34814799936316,130.11139919643307,1295700,-0.2585404323827145,131.6
2024-02-20,130.6466827392578,130.90440215551007,128.25776789438936,129.85368014082542,2121200,0.4879534439647504,131.36
2024-02-21,130.25018310546875,131.4208485666055,129.00121413400475,131.13239458834587,983400,-0.30349001250984387,131.31
2024-02-22,132.2227783203125,132.88691371106762,130.49799863929084,131.24143580994826,1529900,1.5144663660445312,133.13
2024-02-23,132.81752014160156,132.97610855946309,130.20062218105676,132.32189541327665,2052200,0.4498028470164783,133.1
2024-02-26,132.0542449951172,134.01691455297555,131.76677420176128,133.50146063490885,1494700,-0.5746795646166425,134.04
2024-02-27,154.39700317382812,155.29904377001426,133.81867079837386,133.81867079837386,4888300,16.919378986671042,150.46
2024-02-28,169.3351287841797,169.48381013702038,155.1305237409802,157.09319322480152,8227500,9.675139609758787,165.36
2024-02-29,166.9759521484375,169.80696311180972,161.94040357008524,169.68205867396665,4536900,-1.3931997764911497,167.08
2024-03-01,168.5024871826172,168.8196791183853,163.60571283608874,165.5782894178031,4554500,0.9142244823509893,168.08
2024-03-04,174.4499969482422,175.48585081319652,168.13572763769008,171.44651231103052,3818200,3.5296272862603395,174.43
2024-03-05,175.22315979003906,183.9560645399872,173.88496705667666,175.83772957485698,4323800,0.44320026100446164,179.36
2024-03-06,178.4050750732422,179.22781394698015,173.47856400566815,175.22317275008277,2073600,1.8159216435863046,179.22
2024-03-07,178.35838317871094,180.81158186276323,175.01131293540408,180.51361962468206,1967800,-0.026171842091415876,179.44
2024-03-08,169.40969848632812,178.60670153508974,167.3140512338415,178.35840216941594,3196900,-5.017249278054081,171.74
2024-03-11,166.76776123046875,169.79701600739858,165.26802361771655,169.15142867346938,2601700,-1.5594958727068287,167.97
2024-03-12,167.22462463378906,167.9099331959248,163.0829937093472,165.43688161689877,2617000,0.27395187172234436,166.27
2024-03-13,166.71810913085938,170.14463698518313,165.30777070100686,170.0751210507129,1639000,-0.30289528473388394,167.9
2024-03-14,163.52001953125,167.24450978583843,162.1593439411704,166.70818985737313,3012300,-1.918261679119182,164.82
2024-03-15,164.39402770996094,167.24449922182566,161.56340923327414,163.06313175859538,4530900,0.5344961315540298,165.41
2024-03-18,167.69143676757812,169.916204285129,165.05946985472968,166.5492658782263,2006800,2.0057961372141664,169.27
2024-03-19,171.23716735839844,172.82627410528588,167.11538905571274,167.85036058745408,1922200,2.114437480629805,172.0
2024-03-20,174.5147247314453,175.56751156819746,171.47652813592092,171.74369545245665,1969200,1.9140455449061289,175.24
2024-03-21,172.94546508789062,176.60042418159384,171.1974279952592,176.25281419066508,2212100,-0.89921331622278,174.25
2024-03-22,177.0275115966797,177.15661695442802,173.02988293334778,173.80954653643732,1608100,2.3603084976611344,176.84
2024-03-25,185.98614501953125,187.7639769034785,178.31865965851765,178.7755371438587,3570600,5.060588234026553,186.45
2024-03-26,184.1487274169922,197.47743426095133,183.2250459852668,188.60817389476523,4228700,-0.9879325163420716,190.18
2024-03-27,183.63226318359375,188.82668124329922,181.0996068308155,186.80056525407022,2452100,-0.2804603869072331,184.98
2024-03-28,183.59254455566406,185.55907115466604,182.08785110820983,183.77131281239627,2050800,-0.021629438771320064,184.73
2024-04-01,184.71484375,187.52559414275353,182.1523927012531,184.7645066497992,1977500,0.6112988940003783,186.64
2024-04-02,186.85023498535156,187.0885926663344,182.86750364237778,183.42866260800804,1875500,1.15604744697273,186.85
2024-04-03,188.96572875976562,191.89567316556048,185.5987902353505,187.19783862924615,2555800,1.132186841820082,190.99
2024-04-04,181.86436462402344,194.17007899887813,181.715391085764,192.12409491350908,3747800,-3.75801696019189,187.03
2024-04-05,191.7665557861328,193.52451942730562,180.1858704664128,181.07975721929253,4330700,5.444822124763493,190.86
2024-04-08,190.67404174804688,196.29554293869583,186.83037247540767,193.5394260835847,1663500,-0.569710413584501,191.79
2024-04-09,186.8204345703125,193.5145752599872,183.79117950874382,191.28982281213825,1958600,-2.0210444706608044,187.95
2024-04-10,189.78016662597656,192.5114595567924,181.25853086323235,182.25172829261993,3861900,1.5842656947412825,190.82
2024-04-11,191.56793212890625,192.9584025195802,188.70751857667335,190.2668458729919,2267300,0.9420191449473592,192.3
2024-04-12,190.3661346435547,191.9353882783489,189.0551220194792,190.654170362435,1801400,-0.6273479449278918,191.66
2024-04-15,184.1387939453125,194.66669256436057,183.5230164000628,192.76968187207154,2531500,-3.271243968840565,187.99
2024-04-16,185.3802947998047,186.9942406283631,181.86438255532542,183.77131980800792,2982700,0.6742201509481571,186.02
2024-04-17,184.1387939453125,187.7540319153082,181.387648028317,186.64165566453715,3282900,-0.6697048657911098,185.12
2024-04-18,182.60928344726562,186.98730252764818,181.84451716869145,184.8638458982623,1654200,-0.830629149499662,184.98
2024-04-19,179.66941833496094,184.69501032136444,176.4415265202008,182.05310138347065,3413600,-1.6099209507898116,181.11
2024-04-22,181.9736328125,182.5993520377548,176.99771918568254,180.36465783897614,2327500,1.2824745017225414,181.65
2024-04-23,186.96942138671875,188.45921757306712,182.71853748073735,182.71853748073735,2387300,2.7453365067269253,188.15
2024-04-24,184.89364624023438,193.04778905216602,182.39774049173025,185.4597609224009,2266400,-1.110221730959382,187.35
2024-04-25,186.7310333251953,189.23290988340804,184.14375840246026,184.33743916529878,2908900,0.9937535022558786,188.51
2024-04-26,187.0885772705078,188.09171627872695,184.36722626996553,185.64347332850974,1826600,0.19147537447075091,188.05
2024-04-29,187.32696533203125,189.12465023109564,184.87376650088012,187.14818191646674,2205500,0.12741989115603314,188.87
2024-04-30,184.6751251220703,188.11157960468873,184.44669396576654,187.32696033478123,2173200,-1.415621186870042,187.05
2024-05-01,183.3045196533203,186.92472861591327,182.66887388907134,184.98302577508466,2717000,-0.7421711331420666,185.67
2024-05-02,184.9134979248047,185.90669539606475,182.3510617853455,183.74153218311332,3071000,0.877762465719556,186.13
2024-05-03,193.53445434570312,195.9280638204878,186.7211192806459,188.042073698411,3480200,4.6621563691386925,194.81
2024-05-06,196.35511779785156,197.5568932885198,192.79946938053115,196.40478069754664,2708000,1.4574476992659902,197.37
2024-05-07,199.1956787109375,203.6849354410397,196.00752337420946,197.3483308425098,2797300,1.44664470421918,201.46
2024-05-08,206.58506774902344,206.853235301518,196.76234566273342,197.18941328801156,3992100,3.7096131230883955,206.1
2024-05-09,214.44125366210938,214.48097488980113,201.61907162733135,204.03253402808124,4313500,3.8028817855462194,211.4
2024-05-10,213.4678955078125,219.01988011708727,210.4187875760892,219.01988011708727,2744700,-0.4539043386822317,214.73
2024-05-13,212.13702392578125,217.18743925148738,211.1438265496729,215.52383061550807,1919300,-0.6234528048657095,214.58
2024-05-14,216.2587890625,216.4276307876377,209.33620255691307,213.11035538907484,1951000,1.9429730183076366,215.87
2024-05-15,221.79090881347656,223.19132078369083,218.26505501495424,218.64247487628592,2682200,2.558101696101578,223.02
2024-05-16,214.8683319091797,223.27078897361446,214.76902125753747,222.20806043160968,3539800,-3.1212176104651213,219.36
2024-05-17,211.66029357910156,216.2309928780376,208.48206500429356,214.88818505374815,3057300,-1.4930251943474415,213.29
2024-05-20,213.60696411132812,213.7758058444209,209.71361711240564,212.49457275949783,2326200,0.919714557373541,213.79
2024-05-21,221.0758056640625,221.15526327467393,214.03403973413688,214.46110734181,1881100,3.4965346676814058,220.49
2024-05-22,218.6126708984375,222.87845172899225,216.37797684474828,220.589139095052,1573700,-1.1141584481514366,219.95
2024-05-23,219.65553283691406,226.4986620742036,219.2383917622957,222.25770508310003,2658300,0.47703636490541435,223.86
2024-05-24,229.06112670898438,234.69255428353793,220.1322764128988,221.79091429210678,2670600,4.281974485502094,231.35
2024-05-28,229.69677734375,233.1828949198307,220.3110645196941,231.15677880026874,2602200,0.2775026229453692,229.8
2024-05-29,219.57354736328125,227.67053249077054,217.73331726142405,225.58162346586002,3809400,-4.40721463206205,221.3
2024-05-30,223.771240234375,224.09948304346457,218.83744391143745,221.15513320696914,2040800,1.911747986722978,223.34
2024-05-31,216.10198974609375,223.29378013770224,206.90086935414269,222.87600135750066,5618300,-3.4272726380068286,215.36
2024-06-03,207.15948486328125,216.05224559163804,202.97174029343216,214.36123194832672,4922600,-4.138094653047563,208.07
2024-06-04,202.06654357910156,207.39822025612142,195.7998317299759,205.8962050363886,4666700,-2.4584639643899786,202.42
2024-06-05,208.2238311767578,211.7252345540048,203.36961389317608,203.409411019391,4502200,3.0471583709976713,209.73
2024-06-06,201.5294189453125,208.7013110715159,195.17318584925434,208.39295161457716,4842100,-3.215007712427753,201.5
2024-06-07,196.95370483398438,202.9219989198627,196.476245556998,201.01214663376044,4558700,-2.2704943701394753,199.77
2024-06-10,213.49583435058594,213.6350939406786,197.08501373120126,198.4756212935663,5719600,8.398993829816614,210.8
2024-06-11,217.15638732910156,218.39978198439454,209.33792112949308,210.04417597208874,3701900,1.7145781741598531,217.22
2024-06-12,216.97735595703125,220.5981207558742,211.02894471895075,220.10076287043884,3137900,-0.0824435211288499,217.14
2024-06-13,218.76780700683594,219.19554263169073,212.9885114721774,219.14580381324393,2238200,0.82517875743644,217.94
2024-06-14,213.764404296875,217.7134269590639,209.8452370704898,217.64380475060867,2373800,-2.2870836337471667,213.43
2024-06-17,210.89962768554688,213.5853570491056,207.6071211357856,212.73984262994955,3321100,-1.3401560567350312,211.41
2024-06-18,219.2452850341797,220.03110373712204,208.00997333386658,211.66554128804052,2714700,3.957170261616705,218.2
2024-06-20,221.13525390625,226.56640852934615,218.13120811918373,222.63728438886199,3075100,0.8620339870824001,222.68
2024-06-21,216.97735595703125,223.39326964351548,214.59998587177665,221.82161690416083,5513400,-1.880251057111626,219.16
2024-06-24,214.95806884765625,219.6829684227968,214.21301865284192,216.84802260644966,2474100,-0.9306441681291799,217.14
2024-06-25,221.19491577148438,221.28445171600572,213.04819211283424,215.3559397223953,2305100,2.9014248952190957,220.66
2024-06-26,209.1986541748047,221.02582311269936,206.3537666964623,219.4044468603907,4237000,-5.423389391586642,212.97
2024-06-27,203.6978759765625,206.82128260832263,200.19647252894606,206.4930246121564,4733600,-2.629452000989352,204.45
2024-06-28,199.2117156982422,206.20456579213342,198.38609985328452,204.16539558983138,10579100,-2.2023598708689973,200.92
2024-07-01,203.96646118164062,212.46132674205617,202.06655051591832,207.08986793163928,4168400,2.3867800479168366,206.42
2024-07-02,205.06063842773438,210.68079132031554,202.0267676417036,202.384865905971,1905300,0.5364495906605704,206.02
2024-07-03,208.95993041992188,211.30744485635174,200.94250928038434,204.22507406373572,1612700,1.9015311871086737,210.02
2024-07-05,210.17347717285156,211.63571049113804,206.9705065279201,208.89030057627224,1601600,0.5807557221573445,211.14
2024-07-08,214.5900115966797,215.2863095441874,210.13368955447348,210.71062647616753,1634400,2.1013757222067886,215.24
2024-07-09,214.8188018798828,221.19491776271676,213.92354867370503,215.89308144224572,1773200,0.1066173963554018,218.36
2024-07-10,218.38983154296875,218.79766861632538,212.61053584518083,217.02706073421086,2584300,1.6623450237296833,217.96
2024-07-11,215.6941375732422,219.37757253376273,214.05286282451576,218.39976535135523,2438200,-1.2343495806013238,217.02
2024-07-12,215.99256896972656,219.97143181539025,211.18511534339416,215.11721428667025,1760700,0.13835860345672302,218.38
2024-07-15,211.75506591796875,218.48927973313272,210.51962474734705,215.85328941294662,2164300,-1.9618744626125229,213.9
2024-07-16,203.79736328125,213.87382328828306,202.98168909848786,213.00842546162943,4049600,-3.7579750936402423,207.02
2024-07-17,185.68357849121094,201.98696825920302,184.78834042961188,201.06188994076115,6748700,-8.888135007439313,190.74
2024-07-18,186.2903594970703,191.82097649164797,177.12903618270303,189.36402744016254,5484900,0.32678226625630913,183.78
2024-07-19,188.2996826171875,188.93630004985096,185.41499801749617,187.0264477518606,2827000,1.0785974784426777,188.48
2024-07-22,189.41375732421875,195.77994676160233,187.61332437800723,191.22414714121692,1868800,0.5916498060680064,190.91
2024-07-23,188.86666870117188,191.1465645359599,187.30497291505273,188.66772859301213,1856600,-0.28883256991224515,190.7
2024-07-24,174.15481567382812,187.2950007483745,173.77681887448364,187.2950007483745,4910100,-7.7895444063881385,177.59
2024-07-25,169.52938842773438,175.90551966846147,164.99348729200537,175.7662600784402,5542000,-2.6559284210415646,170.5
2024-07-26,174.11502075195312,176.13430748598714,170.53405351772926,175.60709422741883,3469300,2.70491881481274,174.48
2024-07-29,171.76748657226562,176.21386662335084,170.22370116001923,175.1196885444466,2100100,-1.3482663181781596,173.53
2024-07-30,167.79859924316406,174.1050933406691,164.87413256286504,172.55333922740616,3517100,-2.310616175565783,168.34
2024-07-31,188.7970428466797,195.46163499932027,182.03297305280208,192.25864923189818,7483700,12.51407562293525,188.39
2024-08-01,176.6316680908203,193.24341667679514,175.6866760656289,187.29700958271627,4482100,-6.443625690545785,182.11
2024-08-02,166.1970977783203,174.40350214535866,160.5849136069005,173.54804605269868,6099200,-5.907530866511868,167.06
2024-08-05,169.0718231201172,171.84707315242645,154.77776384353152,155.41438126323206,5430800,1.7297085088882058,168.32
2024-08-06,180.0833282470703,182.85859362068973,167.5001803920901,172.72243795041237,6322100,6.512915590393797,179.98
2024-08-07,178.71063232421875,189.08551013915752,175.96520718572484,189.08551013915752,6154900,-0.7622559712847199,182.89
2024-08-08,186.0416717529297,186.63850723006473,175.487737818627,182.2816477101863,3338800,4.102184259194441,185.39
2024-08-09,188.86666870117188,189.09546424480504,182.1026139547967,186.09141852367378,3204000,1.518475361796301,188.32
2024-08-12,186.68719482421875,190.17518487118434,183.06964599516547,189.3480311209895,2232300,-1.1539748606470779,187.32
2024-08-13,188.76004028320312,190.19510133379393,186.42807367920722,188.69027319020827,2349000,1.1103308188524341,189.12
2024-08-14,185.51121520996094,189.2383867741707,181.58474819881812,188.31158539314845,2327900,-1.7211402733162462,186.65
2024-08-15,189.73667907714844,191.91916655934475,184.85349943327168,185.76036522558334,4241900,2.277740384809146,190.56
2024-08-16,189.3280792236328,190.70334861861076,185.1923260344496,190.56382963697737,2572300,-0.2153510093583333,189.22
2024-08-19,192.11846923828125,192.21813216827175,184.92324363809846,188.95934899986298,2025100,1.4738384428188533,190.04
2024-08-20,190.06553649902344,192.83599558077566,188.98825232762186,192.33771135446872,2507000,-1.0685764608667547,190.99
2024-08-21,196.06488037109375,196.65285210118466,190.32463642425276,190.82292064428117,2404200,3.1564606517190175,196.03
2024-08-22,194.28103637695312,198.12579955776272,194.0418696563345,194.8989192202197,1520300,-0.9098233149987478,195.9
2024-08-23,194.32090759277344,196.65287435687824,191.8593820507419,194.34082801520114,2683300,0.020522443447834604,195.27
2024-08-26,194.2212371826172,197.31060566013818,192.41745060440107,194.82914458471924,1953400,-0.05129165532981039,195.02
2024-08-27,195.46694946289062,197.6195411217824,192.90577626651768,194.22123880933228,1703200,0.641388294268852,196.04
2024-08-28,193.10508728027344,196.77245215191937,191.74975347848496,196.51334980982335,2493200,-1.2083179223429719,194.77
2024-08-29,193.7727813720703,198.42675443747234,191.6500856032146,195.23773828206532,2463800,0.34576721991159687,195.64
2024-08-30,196.0250244140625,197.13121607710073,194.48034017015453,194.58996331537196,2239400,1.1623113556220144,196.66
2024-09-03,177.16995239257812,195.12812159601805,176.57200519083983,194.8291479951489,4252300,-9.618706630872254,181.59
2024-09-04,176.91085815429688,182.12290755737237,175.39606965853648,177.07029756982715,3310400,-0.14624050793169419,179.51
2024-09-05,175.4658203125,179.1331850352771,174.50910787683782,177.35929434991215,2444900,-0.8168169307824824,176.89
2024-09-06,172.51597595214844,176.03386158771627,171.34999261631475,175.20670789687452,3390300,-1.6811504115718745,173.64
2024-09-09,174.31976318359375,175.7448640703671,170.4530724712499,175.7448640703671,2184400,1.0455769220733657,173.95
2024-09-10,179.6314697265625,180.5831944561265,173.26339770484608,176.2431429543748,2301800,3.0471051852992925,178.42
2024-09-11,186.60745239257812,187.50435796369598,178.530268924654,180.90707933261632,2846900,3.883496959989552,184.84
2024-09-12,189.2782440185547,191.02223885773685,183.5579506781512,186.3583056726095,2154900,1.4312352436803177,189.18
2024-09-13,195.30747985839844,197.13120193999515,188.53081138191467,190.793026012935,2613600,3.18538238301318,195.19
2024-09-16,198.56626892089844,198.84530687777365,192.02878214880226,194.33085289623685,2264000,1.6685428867663887,196.9
2024-09-17,200.5394744873047,203.99756839002634,197.56970462265568,199.31369949322135,2881700,0.9937264657937872,201.83
2024-09-18,199.642578125,204.249715596022,197.73912855755435,201.26698971680673,1796000,-0.4472418034392911,201.24
2024-09-19,207.7845458984375,207.92406488934475,201.77523866522728,204.40617906978486,3432600,4.078272205210487,207.17
2024-09-20,254.10504150390625,254.36415905584224,232.20046930142598,234.35306099256158,15031400,22.29256050067825,245.3
2024-09-23,256.2377014160156,270.9171671465946,251.2448984410723,258.6693311177448,10270000,0.8392828019024634,259.55
2024-09-24,252.62014770507812,258.5497270783771,250.22638220384337,253.20811945462864,4562700,-1.4117960358472792,254.94
2024-09-25,261.9580078125,266.1735039425842,252.37103794513123,253.56691722482523,6246200,3.6964035498559644,261.38
2024-09-26,255.8888702392578,269.1930651439588,253.6266708038982,262.9246410709662,4072200,-2.31683605472609,260.05
2024-09-27,256.11810302734375,261.4995668138294,254.46379567731304,256.29747805722667,2598100,0.08958294585912352,257.74
2024-09-30,259.1277160644531,260.22394743628803,250.4127298808623,256.86551664341835,2899300,1.1750879775913603,258.18
2024-10-01,264.69854736328125,265.0872236803827,253.08854550988872,258.21090704342544,3179800,2.14984000300551,261.23
2024-10-02,264.4693603515625,268.79446410576924,260.7521488001718,264.00097192772967,3233600,-0.08658415922631058,265.69
2024-10-03,276.4181823730469,278.5508534253821,267.0803409888589,271.2160939178691,4274200,4.518036420400695,275.86
2024-10-04,284.54022216796875,285.0185859881857,274.65427985300477,276.9563506144962,3829200,2.938316041728606,281.85
2024-10-07,277.6040954589844,287.7621105082701,273.0597459161814,284.0219984894588,3477000,-2.4376612403464892,281.04
2024-10-08,278.4313049316406,280.434387059051,272.16288016564636,277.93302065100517,2599100,0.29798172512136567,277.95
2024-10-09,261.3799743652344,275.10271110518596,256.6163783448996,275.10271110518596,5235800,-6.124070916017377,263.28
2024-10-10,261.4098815917969,266.8411920983499,258.141138118435,260.1641709630331,2733500,0.011442049696097634,263.88
2024-10-11,265.3064880371094,265.9841473710259,248.19540737856033,255.51023229756535,4477700,1.4906117632527804,261.56
2024-10-14,270.8075256347656,271.8838366903875,264.2999342776959,266.6518518494509,2229300,2.073465160372101,270.51
2024-10-15,265.2366943359375,268.87416319804987,261.4397708678031,268.87416319804987,3000900,-2.057118348454401,265.85
2024-10-16,278.8398742675781,279.2783668722666,263.21368635842606,267.2996235860092,2469300,5.128694566827696,274.95
2024-10-17,270.2693786621094,284.02201125234365,269.6116398286139,284.02201125234365,3209900,-3.073626262377527,277.07
2024-10-18,269.23297119140625,271.6446501235278,264.090673669654,266.86113310522126,1708800,-0.38347202921528156,269.96
2024-10-21,272.7807312011719,273.1793525188411,267.090333578337,272.1429127626155,1650900,1.317728654876893,272.3
2024-10-22,265.08721923828125,270.4935911497087,264.93774004684605,269.4422186882816,2134100,-2.8204015470640997,267.3
2024-10-23,265.13702392578125,267.0065933935411,261.7088260251611,264.09063921854806,2633700,0.018788038006167795,265.28
2024-10-24,263.5923767089844,266.8810406993786,261.6690067413469,266.87109569480225,1553700,-0.5825845043916811,265.03
2024-10-25,263.502685546875,268.81438236722505,262.1872078037648,268.07693139587127,2016200,-0.03402646283977573,266.13
2024-10-28,266.0638732910156,270.2594182268405,264.1006320984188,265.9741857741385,1542500,0.9719778524553302,268.44
2024-10-29,264.0906677246094,266.31302655635506,260.8020036501634,265.3662742616327,1829700,-0.7416285202493489,265.22
2024-10-30,260.8817138671875,267.08037146623917,260.5329087920293,265.96421955601977,1831000,-1.2150955143815034,263.54
2024-10-31,262.0576477050781,263.2834379248942,258.4600499707404,260.84183290250803,2290900,0.45075364633999637,262.13
2024-11-01,257.2143249511719,263.8614195311837,255.93871854214635,261.82844177523583,2804500,-1.8481898148444698,260.28
2024-11-04,225.17465209960938,234.68989238218538,223.90900583238718,231.7021788902771,10719400,-12.456410760809966,229.76
2024-11-05,232.94789123535156,236.04721993662235,226.22105373443765,229.55956435449977,6347400,3.4520933254527986,232.4
2024-11-06,234.1836395263672,241.16957930378652,232.95784931102924,238.0004987425994,4790100,0.5304827120186761,236.51
2024-11-07,240.76097106933594,247.4977836041305,237.57893478285717,241.68778764627803,4154900,2.808621283822954,242.81
2024-11-08,238.54859924316406,247.14899034585315,236.0173219199666,242.41528992592248,5162100,-0.9189080008880413,240.11
2024-11-11,236.455810546875,243.07302473087756,233.48602548967216,241.1596150494534,3382100,-0.8773007692892687,237.09
2024-11-12,227.9152069091797,235.17022418168767,224.91554127745576,234.632083896682,4460000,-3.6119237746548127,228.84
2024-11-13,225.18463134765625,231.9712605924157,224.83582628017632,230.20733003950767,2979500,-1.1980664206454272,227.78
2024-11-14,224.6066131591797,230.74546355581978,224.34749561733872,227.416928418873,2513200,-0.25668634001233537,227.79
2024-11-15,223.8610076904297,227.32452639107865,221.24590714526354,224.42995014934286,2717400,-0.33196060359166335,223.97
2024-11-18,229.84979248046875,231.60649898692796,220.7667868979096,225.56781370772578,3295000,2.6752246189835738,228.73
2024-11-19,234.1417694091797,234.45118784346695,225.67761565041954,225.88221927545476,2197500,1.867296412319197,232.1
2024-11-20,234.98019409179688,241.0288705576436,231.70632290084168,237.69511389360605,2567600,0.358084200325659,235.5
2024-11-21,251.3695068359375,251.71885905524206,233.67263442868426,236.8666531169506,3586400,6.974763472081391,247.31
2024-11-22,249.42315673828125,252.75691331968005,244.5722355451778,250.74069803456544,2471600,-0.7742984111937634,248.98
2024-11-25,248.46495056152344,255.13247914404877,242.54603608609014,253.026420361415,3459600,-0.38416889164916146,248.26
2024-11-26,266.2317199707031,266.63096661957115,248.73445458533405,249.0838068258061,3881600,7.1506139473705765,262.74
2024-11-27,252.9166259765625,265.50306907066516,250.38137780781383,264.50493723205363,2298200,-5.001317647501158,254.54
2024-11-29,256.0806884765625,260.3017916968151,254.7232286389359,257.4980490147623,1185700,1.2510298553062293,257.26
2024-12-02,249.11373901367188,257.9571874611246,249.0438624764232,256.5198752176126,1908400,-2.7206071275180377,251.89
2024-12-03,247.04759216308594,253.70512932902298,246.11933691529748,251.00119069401248,1784600,-0.8293989961238313,248.65
2024-12-04,253.72509765625,257.17864034667724,250.5310789782806,252.20793307285862,2701200,2.7029227181279314,254.23
2024-12-05,255.611572265625,259.2747294209767,252.6271678929565,253.24600474315585,2118200,0.7435112359009954,256.53
2024-12-06,253.1561737060547,258.08694724265894,249.95216392168857,255.9709126970196,1329700,-0.96059757303113,253.14
2024-12-09,239.40191650390625,253.5254752745278,235.88848833011087,253.3158608967954,3262400,-5.433111506148302,240.74
2024-12-10,231.90594482421875,239.05257235446783,230.27900030424422,237.43560366985258,2771500,-3.131124340671343,233.39
2024-12-11,236.15798950195312,239.00066082110453,231.68634808105213,234.3314064839557,2386700,1.8335212066070028,236.4
2024-12-12,238.57347106933594,247.66645252781612,238.47365179556232,242.50611286360373,2822000,1.0228244119443008,243.05
2024-12-13,238.62338256835938,242.9652468663026,236.05817646913152,241.5379256679553,2004800,0.020920808503865906,239.06
2024-12-16,238.8529510498047,243.24472502963667,236.80478257586674,239.60154992570446,1974400,0.09620535882712833,240.2
2024-12-17,233.80239868164062,237.6352211443849,228.43244471552697,237.21600761536126,2506500,-2.1145028126995813,232.92
2024-12-18,225.33822631835938,236.5472572306907,224.35008559850388,233.88224719214205,3173700,-3.620224775711811,230.48
2024-12-19,224.7493438720703,233.35323543188082,224.5596963862267,228.43245278682966,3626800,-0.2613326890472112,227.09
2024-12-20,226.59588623046875,231.26713575898177,219.2296686490477,221.40560389980453,4985400,0.8216007782650081,227.07
2024-12-23,227.85353088378906,228.9315150781235,221.28582167385025,226.5759233713074,1935200,0.555016542551523,227.05
2024-12-24,229.36070251464844,229.68011200521426,226.73163587002887,228.81672250441864,978400,0.6614651197255572,229.02
2024-12-26,228.21286010742188,229.79988605563298,226.8943288180562,228.1429987993429,920500,-0.5004529523331303,228.94
2024-12-27,226.1167755126953,227.75371108619342,222.32388678576564,227.75371108619342,1466000,-0.9184778604237831,225.55
2024-12-30,225.89720153808594,228.5721875137371,221.83479770710946,223.1024293870579,1587100,-0.09710645046636657,226.42
2024-12-31,223.2920684814453,226.6058580902399,222.46361727167607,225.92713578649588,1885700,-1.1532383043715622,224.45
