,Adj Close,close,high,low,open,vol,pct_change,vwap
2014-07-31,,,,,,,,19.92
2014-08-01,,,,,,,,19.71
2014-08-04,,,,,,,,19.85
2014-08-05,,,,,,,,20.21
2014-08-06,,,,,,,,20.17
2014-08-07,,,,,,,,20.42
2014-08-08,,,,,,,,20.54
2014-08-11,,,,,,,,20.51
2014-08-12,,,,,,,,20.5
2014-08-13,,,,,,,,20.54
2014-08-14,,,,,,,,20.5
2014-08-15,,,,,,,,20.52
2014-08-18,,,,,,,,20.61
2014-08-19,,,,,,,,20.59
2014-08-20,,,,,,,,20.64
2014-08-21,,,,,,,,20.67
2014-08-22,,,,,,,,20.76
2014-08-25,,,,,,,,20.89
2014-08-26,,,,,,,,21.29
2014-08-27,,,,,,,,21.28
2014-08-28,,,,,,,,21.51
2014-08-29,,,,,,,,21.56
2014-09-02,,,,,,,,21.62
2014-09-03,,,,,,,,21.72
2014-09-04,,,,,,,,21.72
2014-09-05,,,,,,,,22.15
2014-09-08,,,,,,,,22.55
2014-09-09,,,,,,,,22.6
2014-09-10,,,,,,,,22.91
2014-09-11,,,,,,,,23.27
2014-09-12,,,,,,,,23.58
2014-09-15,,,,,,,,24.23
2014-09-16,,,,,,,,24.55
2014-09-17,,,,,,,,24.41
2014-09-18,,,,,,,,24.2
2014-09-19,,,,,,,,23.83
2014-09-22,,,,,,,,23.87
2014-09-23,,,,,,,,23.94
2014-09-24,,,,,,,,24.23
2014-09-25,,,,,,,,24.79
2014-09-26,,,,,,,,24.91
2014-09-29,,,,,,,,24.97
2014-09-30,,,,,,,,25.02
2014-10-01,,,,,,,,24.01
2014-10-02,,,,,,,,24.94
2014-10-03,,,,,,,,25.39
2014-10-06,,,,,,,,24.95
2014-10-07,,,,,,,,24.8
2014-10-08,,,,,,,,25.32
2014-10-09,,,,,,,,24.65
2014-10-10,,,,,,,,23.86
2014-10-13,,,,,,,,23.69
2014-10-14,,,,,,,,23.69
2014-10-15,,,,,,,,23.77
2014-10-16,,,,,,,,24.22
2014-10-17,,,,,,,,23.83
2014-10-20,,,,,,,,23.96
2014-10-21,,,,,,,,24.88
2014-10-22,,,,,,,,24.57
2014-10-23,,,,,,,,24.3
2014-10-24,,,,,,,,24.67
2014-10-27,,,,,,,,24.24
2014-10-28,,,,,,,,25.16
2014-10-29,,,,,,,,25.32
2014-10-30,,,,,,,,25.44
2014-10-31,,,,,,,,26.02
2014-11-03,,,,,,,,25.91
2014-11-04,,,,,,,,25.4
2014-11-05,,,,,,,,25.24
2014-11-06,,,,,,,,24.78
2014-11-07,,,,,,,,24.71
2014-11-10,,,,,,,,24.72
2014-11-11,,,,,,,,24.43
2014-11-12,,,,,,,,23.94
2014-11-13,,,,,,,,23.96
2014-11-14,,,,,,,,23.63
2014-11-17,,,,,,,,25.28
2014-11-18,,,,,,,,25.49
2014-11-19,,,,,,,,25.46
2014-11-20,,,,,,,,26.02
2014-11-21,,,,,,,,26.43
2014-11-24,,,,,,,,27.04
2014-11-25,,,,,,,,27.56
2014-11-26,,,,,,,,28.12
2014-11-28,,,,,,,,28.85
2014-12-01,,,,,,,,28.37
2014-12-02,,,,,,,,28.53
2014-12-03,,,,,,,,28.46
2014-12-04,,,,,,,,28.73
2014-12-05,,,,,,,,28.99
2014-12-08,,,,,,,,28.97
2014-12-09,,,,,,,,28.96
2014-12-10,,,,,,,,29.28
2014-12-11,,,,,,,,29.24
2014-12-12,,,,,,,,28.55
2014-12-15,,,,,,,,28.66
2014-12-16,,,,,,,,28.6
2014-12-17,,,,,,,,28.65
2014-12-18,,,,,,,,28.87
2014-12-19,,,,,,,,29.08
2014-12-22,,,,,,,,28.89
2014-12-23,,,,,,,,27.45
2014-12-24,,,,,,,,27.22
2014-12-26,,,,,,,,28.34
2014-12-29,,,,,,,,27.95
2014-12-30,,,,,,,,27.98
2014-12-31,,,,,,,,28.14
2015-01-02,,,,,,,,27.49
2015-01-05,,,,,,,,28.06
2015-01-06,,,,,,,,27.12
2015-01-07,,,,,,,,27.35
2015-01-08,,,,,,,,28.08
2015-01-09,,,,,,,,27.77
2015-01-12,,,,,,,,27.93
2015-01-13,,,,,,,,27.93
2015-01-14,,,,,,,,28.0
2015-01-15,,,,,,,,27.65
2015-01-16,,,,,,,,27.78
2015-01-20,,,,,,,,28.13
2015-01-21,,,,,,,,27.79
2015-01-22,,,,,,,,27.84
2015-01-23,,,,,,,,27.68
2015-01-26,,,,,,,,27.99
2015-01-27,,,,,,,,28.39
2015-01-28,,,,,,,,27.91
2015-01-29,,,,,,,,27.72
2015-01-30,,,,,,,,27.67
2015-02-02,,,,,,,,27.55
2015-02-03,,,,,,,,27.69
2015-02-04,,,,,,,,27.6
2015-02-05,,,,,,,,27.54
2015-02-06,,,,,,,,27.53
2015-02-09,,,,,,,,27.55
2015-02-10,,,,,,,,27.76
2015-02-11,,,,,,,,28.99
2015-02-12,,,,,,,,28.44
2015-02-13,,,,,,,,27.82
2015-02-17,,,,,,,,27.38
2015-02-18,,,,,,,,27.65
2015-02-19,,,,,,,,28.76
2015-02-20,,,,,,,,28.37
2015-02-23,,,,,,,,28.05
2015-02-24,,,,,,,,28.05
2015-02-25,,,,,,,,28.51
2015-02-26,,,,,,,,29.37
2015-02-27,,,,,,,,28.35
2015-03-02,,,,,,,,27.9
2015-03-03,,,,,,,,29.75
2015-03-04,,,,,,,,29.58
2015-03-05,,,,,,,,29.78
2015-03-06,,,,,,,,29.79
2015-03-09,,,,,,,,29.86
2015-03-10,,,,,,,,29.82
2015-03-11,,,,,,,,30.21
2015-03-12,,,,,,,,30.04
2015-03-13,,,,,,,,30.13
2015-03-16,,,,,,,,30.65
2015-03-17,,,,,,,,30.87
2015-03-18,,,,,,,,31.22
2015-03-19,,,,,,,,31.39
2015-03-20,,,,,,,,31.16
2015-03-23,,,,,,,,30.92
2015-03-24,,,,,,,,30.72
2015-03-25,,,,,,,,30.57
2015-03-26,,,,,,,,30.17
2015-03-27,,,,,,,,30.13
2015-03-30,,,,,,,,30.77
2015-03-31,,,,,,,,31.15
2015-04-01,,,,,,,,30.64
2015-04-02,,,,,,,,30.74
2015-04-06,,,,,,,,30.46
2015-04-07,,,,,,,,30.54
2015-04-08,,,,,,,,30.66
2015-04-09,,,,,,,,31.03
2015-04-10,,,,,,,,30.84
2015-04-13,,,,,,,,30.65
2015-04-14,,,,,,,,30.63
2015-04-15,,,,,,,,30.9
2015-04-16,,,,,,,,31.17
2015-04-17,,,,,,,,30.71
2015-04-20,,,,,,,,30.85
2015-04-21,,,,,,,,31.04
2015-04-22,,,,,,,,31.1
2015-04-23,,,,,,,,30.97
2015-04-24,,,,,,,,31.02
2015-04-27,,,,,,,,30.43
2015-04-28,,,,,,,,29.76
2015-04-29,,,,,,,,29.91
2015-04-30,,,,,,,,28.95
2015-05-01,,,,,,,,29.01
2015-05-04,,,,,,,,29.43
2015-05-05,,,,,,,,28.99
2015-05-06,,,,,,,,28.4
2015-05-07,,,,,,,,28.43
2015-05-08,,,,,,,,28.18
2015-05-11,,,,,,,,28.42
2015-05-12,,,,,,,,28.26
2015-05-13,,,,,,,,28.5
2015-05-14,,,,,,,,29.05
2015-05-15,,,,,,,,30.09
2015-05-18,,,,,,,,30.87
2015-05-19,,,,,,,,30.98
2015-05-20,,,,,,,,31.14
2015-05-21,,,,,,,,31.32
2015-05-22,,,,,,,,31.39
2015-05-26,,,,,,,,31.03
2015-05-27,,,,,,,,31.29
2015-05-28,,,,,,,,31.76
2015-05-29,,,,,,,,31.86
2015-06-01,,,,,,,,31.17
2015-06-02,,,,,,,,29.67
2015-06-03,,,,,,,,28.87
2015-06-04,,,,,,,,29.13
2015-06-05,,,,,,,,29.41
2015-06-08,,,,,,,,29.28
2015-06-09,,,,,,,,28.85
2015-06-10,,,,,,,,29.43
2015-06-11,,,,,,,,29.71
2015-06-12,,,,,,,,30.0
2015-06-15,,,,,,,,29.98
2015-06-16,,,,,,,,30.33
2015-06-17,,,,,,,,30.53
2015-06-18,,,,,,,,30.98
2015-06-19,,,,,,,,30.45
2015-06-22,,,,,,,,30.85
2015-06-23,,,,,,,,30.73
2015-06-24,,,,,,,,30.3
2015-06-25,,,,,,,,29.86
2015-06-26,,,,,,,,29.81
2015-06-29,,,,,,,,29.61
2015-06-30,,,,,,,,29.35
2015-07-01,,,,,,,,29.63
2015-07-02,,,,,,,,29.63
2015-07-06,,,,,,,,29.3
2015-07-07,,,,,,,,29.3
2015-07-08,,,,,,,,28.71
2015-07-09,,,,,,,,28.85
2015-07-10,,,,,,,,29.03
2015-07-13,,,,,,,,29.06
2015-07-14,,,,,,,,29.74
2015-07-15,,,,,,,,29.92
2015-07-16,,,,,,,,29.96
2015-07-17,,,,,,,,29.84
2015-07-20,,,,,,,,29.39
2015-07-21,,,,,,,,29.4
2015-07-22,,,,,,,,29.75
2015-07-23,,,,,,,,30.22
2015-07-24,,,,,,,,30.22
2015-07-27,,,,,,,,31.25
2015-07-28,,,,,,,,32.57
2015-07-29,,,,,,,,33.4
2015-07-30,,,,,,,,33.34
2015-07-31,,,,,,,,34.03
2015-08-03,,,,,,,,33.84
2015-08-04,,,,,,,,33.86
2015-08-05,,,,,,,,34.14
2015-08-06,,,,,,,,33.66
2015-08-07,,,,,,,,33.55
2015-08-10,,,,,,,,33.68
2015-08-11,,,,,,,,33.19
2015-08-12,,,,,,,,32.85
2015-08-13,,,,,,,,32.83
2015-08-14,,,,,,,,32.77
2015-08-17,,,,,,,,33.88
2015-08-18,,,,,,,,34.1
2015-08-19,,,,,,,,33.9
2015-08-20,,,,,,,,33.18
2015-08-21,,,,,,,,31.96
2015-08-24,,,,,,,,31.09
2015-08-25,,,,,,,,30.99
2015-08-26,,,,,,,,31.24
2015-08-27,,,,,,,,31.92
2015-08-28,,,,,,,,31.98
2015-08-31,,,,,,,,31.96
2015-09-01,,,,,,,,31.19
2015-09-02,,,,,,,,31.32
2015-09-03,,,,,,,,28.9
2015-09-04,,,,,,,,27.84
2015-09-08,,,,,,,,28.9
2015-09-09,,,,,,,,28.91
2015-09-10,,,,,,,,28.26
2015-09-11,,,,,,,,28.18
2015-09-14,,,,,,,,28.06
2015-09-15,,,,,,,,28.14
2015-09-16,,,,,,,,28.42
2015-09-17,,,,,,,,28.64
2015-09-18,,,,,,,,28.36
2015-09-21,,,,,,,,27.7
2015-09-22,,,,,,,,27.32
2015-09-23,,,,,,,,27.3
2015-09-24,,,,,,,,26.77
2015-09-25,,,,,,,,26.1
2015-09-28,,,,,,,,25.08
2015-09-29,,,,,,,,24.77
2015-09-30,,,,,,,,24.34
2015-10-01,,,,,,,,24.43
2015-10-02,,,,,,,,24.92
2015-10-05,,,,,,,,25.1
2015-10-06,,,,,,,,24.08
2015-10-07,,,,,,,,24.23
2015-10-08,,,,,,,,24.06
2015-10-09,,,,,,,,24.34
2015-10-12,,,,,,,,24.5
2015-10-13,,,,,,,,24.47
2015-10-14,,,,,,,,24.81
2015-10-15,,,,,,,,25.98
2015-10-16,,,,,,,,26.69
2015-10-19,,,,,,,,26.77
2015-10-20,,,,,,,,26.06
2015-10-21,,,,,,,,25.56
2015-10-22,,,,,,,,25.36
2015-10-23,,,,,,,,25.98
2015-10-26,,,,,,,,25.89
2015-10-27,,,,,,,,25.89
2015-10-28,,,,,,,,27.0
2015-10-29,,,,,,,,26.86
2015-10-30,,,,,,,,26.54
2015-11-02,,,,,,,,27.09
2015-11-03,,,,,,,,27.25
2015-11-04,,,,,,,,28.13
2015-11-05,,,,,,,,27.9
2015-11-06,,,,,,,,28.18
2015-11-09,,,,,,,,28.19
2015-11-10,,,,,,,,28.19
2015-11-11,,,,,,,,28.11
2015-11-12,,,,,,,,27.38
2015-11-13,,,,,,,,27.6
2015-11-16,,,,,,,,26.91
2015-11-17,,,,,,,,26.73
2015-11-18,,,,,,,,27.58
2015-11-19,,,,,,,,27.29
2015-11-20,,,,,,,,27.43
2015-11-23,,,,,,,,27.6
2015-11-24,,,,,,,,28.02
2015-11-25,,,,,,,,28.39
2015-11-27,,,,,,,,28.53
2015-11-30,,,,,,,,27.92
2015-12-01,,,,,,,,28.18
2015-12-02,,,,,,,,27.76
2015-12-03,,,,,,,,27.03
2015-12-04,,,,,,,,27.41
2015-12-07,,,,,,,,27.03
2015-12-08,,,,,,,,27.08
2015-12-09,,,,,,,,25.42
2015-12-10,,,,,,,,26.16
2015-12-11,,,,,,,,25.95
2015-12-14,,,,,,,,25.98
2015-12-15,,,,,,,,26.29
2015-12-16,,,,,,,,26.45
2015-12-17,,,,,,,,26.57
2015-12-18,,,,,,,,25.49
2015-12-21,,,,,,,,25.25
2015-12-22,,,,,,,,24.86
2015-12-23,,,,,,,,25.06
2015-12-24,,,,,,,,25.01
2015-12-28,,,,,,,,24.97
2015-12-29,,,,,,,,25.23
2015-12-30,,,,,,,,25.38
2015-12-31,,,,,,,,25.19
2016-01-04,,,,,,,,24.42
2016-01-05,,,,,,,,24.93
2016-01-06,,,,,,,,24.88
2016-01-07,,,,,,,,24.26
2016-01-08,,,,,,,,24.3
2016-01-11,,,,,,,,24.1
2016-01-12,,,,,,,,24.62
2016-01-13,,,,,,,,24.26
2016-01-14,,,,,,,,24.15
2016-01-15,,,,,,,,24.09
2016-01-19,,,,,,,,24.08
2016-01-20,,,,,,,,23.41
2016-01-21,,,,,,,,23.5
2016-01-22,,,,,,,,23.45
2016-01-25,,,,,,,,23.52
2016-01-26,,,,,,,,23.46
2016-01-27,,,,,,,,23.18
2016-01-28,,,,,,,,22.54
2016-01-29,,,,,,,,23.26
2016-02-01,,,,,,,,23.17
2016-02-02,,,,,,,,22.7
2016-02-03,,,,,,,,22.54
2016-02-04,,,,,,,,22.31
2016-02-05,,,,,,,,21.83
2016-02-08,,,,,,,,21.04
2016-02-09,,,,,,,,21.06
2016-02-10,,,,,,,,21.06
2016-02-11,,,,,,,,20.88
2016-02-12,,,,,,,,21.87
2016-02-16,,,,,,,,22.91
2016-02-17,,,,,,,,23.6
2016-02-18,,,,,,,,23.95
2016-02-19,,,,,,,,23.82
2016-02-22,,,,,,,,24.17
2016-02-23,,,,,,,,24.66
2016-02-24,,,,,,,,24.62
2016-02-25,,,,,,,,24.88
2016-02-26,,,,,,,,24.71
2016-02-29,,,,,,,,24.4
2016-03-01,,,,,,,,24.9
2016-03-02,,,,,,,,25.31
2016-03-03,,,,,,,,25.24
2016-03-04,,,,,,,,25.5
2016-03-07,,,,,,,,25.82
2016-03-08,,,,,,,,25.37
2016-03-09,,,,,,,,25.16
2016-03-10,,,,,,,,25.13
2016-03-11,,,,,,,,25.77
2016-03-14,,,,,,,,26.08
2016-03-15,,,,,,,,25.91
2016-03-16,,,,,,,,25.51
2016-03-17,,,,,,,,25.27
2016-03-18,,,,,,,,25.6
2016-03-21,,,,,,,,26.11
2016-03-22,,,,,,,,26.68
2016-03-23,,,,,,,,26.22
2016-03-24,,,,,,,,26.04
2016-03-28,,,,,,,,26.15
2016-03-29,,,,,,,,26.74
2016-03-30,,,,,,,,26.84
2016-03-31,,,,,,,,26.77
2016-04-01,,,,,,,,26.5
2016-04-04,,,,,,,,27.27
2016-04-05,,,,,,,,27.5
2016-04-06,,,,,,,,27.82
2016-04-07,,,,,,,,28.06
2016-04-08,,,,,,,,28.37
2016-04-11,,,,,,,,27.57
2016-04-12,,,,,,,,28.17
2016-04-13,,,,,,,,30.26
2016-04-14,,,,,,,,30.09
2016-04-15,,,,,,,,30.07
2016-04-18,,,,,,,,29.94
2016-04-19,,,,,,,,29.79
2016-04-20,,,,,,,,29.65
2016-04-21,,,,,,,,29.37
2016-04-22,,,,,,,,29.81
2016-04-25,,,,,,,,29.48
2016-04-26,,,,,,,,29.47
2016-04-27,,,,,,,,29.91
2016-04-28,,,,,,,,29.89
2016-04-29,,,,,,,,29.54
2016-05-02,,,,,,,,29.25
2016-05-03,,,,,,,,29.26
2016-05-04,,,,,,,,29.21
2016-05-05,,,,,,,,25.87
2016-05-06,,,,,,,,24.6
2016-05-09,,,,,,,,24.59
2016-05-10,,,,,,,,24.68
2016-05-11,,,,,,,,24.7
2016-05-12,,,,,,,,23.84
2016-05-13,,,,,,,,23.94
2016-05-16,,,,,,,,24.91
2016-05-17,,,,,,,,25.58
2016-05-18,,,,,,,,26.01
2016-05-19,,,,,,,,26.73
2016-05-20,,,,,,,,28.12
2016-05-23,,,,,,,,28.34
2016-05-24,,,,,,,,28.67
2016-05-25,,,,,,,,28.98
2016-05-26,,,,,,,,29.13
2016-05-27,,,,,,,,29.05
2016-05-31,,,,,,,,28.36
2016-06-01,,,,,,,,27.88
2016-06-02,,,,,,,,25.86
2016-06-03,,,,,,,,26.09
2016-06-06,,,,,,,,26.05
2016-06-07,,,,,,,,24.19
2016-06-08,,,,,,,,23.95
2016-06-09,,,,,,,,23.69
2016-06-10,,,,,,,,22.93
2016-06-13,,,,,,,,22.83
2016-06-14,,,,,,,,22.24
2016-06-15,,,,,,,,22.86
2016-06-16,,,,,,,,22.07
2016-06-17,,,,,,,,21.56
2016-06-20,,,,,,,,22.57
2016-06-21,,,,,,,,22.79
2016-06-22,,,,,,,,23.22
2016-06-23,,,,,,,,23.56
2016-06-24,,,,,,,,22.8
2016-06-27,,,,,,,,21.39
2016-06-28,,,,,,,,21.88
2016-06-29,,,,,,,,22.61
2016-06-30,,,,,,,,22.85
2016-07-01,,,,,,,,23.16
2016-07-05,,,,,,,,22.67
2016-07-06,,,,,,,,22.8
2016-07-07,,,,,,,,22.89
2016-07-08,,,,,,,,23.44
2016-07-11,,,,,,,,23.56
2016-07-12,,,,,,,,23.83
2016-07-13,,,,,,,,23.51
2016-07-14,,,,,,,,23.61
2016-07-15,,,,,,,,23.95
2016-07-18,,,,,,,,24.15
2016-07-19,,,,,,,,24.26
2016-07-20,,,,,,,,24.63
2016-07-21,,,,,,,,24.79
2016-07-22,,,,,,,,24.25
2016-07-25,,,,,,,,24.28
2016-07-26,,,,,,,,24.5
2016-07-27,,,,,,,,24.93
2016-07-28,,,,,,,,25.56
2016-07-29,,,,,,,,25.54
2016-08-01,,,,,,,,25.76
2016-08-02,,,,,,,,25.22
2016-08-03,,,,,,,,25.19
2016-08-04,,,,,,,,25.43
2016-08-05,,,,,,,,25.43
2016-08-08,,,,,,,,25.09
2016-08-09,,,,,,,,25.13
2016-08-10,,,,,,,,24.92
2016-08-11,,,,,,,,25.25
2016-08-12,,,,,,,,24.79
2016-08-15,,,,,,,,24.98
2016-08-16,,,,,,,,24.93
2016-08-17,,,,,,,,24.95
2016-08-18,,,,,,,,24.96
2016-08-19,,,,,,,,25.12
2016-08-22,,,,,,,,24.82
2016-08-23,,,,,,,,25.39
2016-08-24,,,,,,,,25.41
2016-08-25,,,,,,,,25.02
2016-08-26,,,,,,,,25.01
2016-08-29,,,,,,,,25.13
2016-08-30,,,,,,,,24.65
2016-08-31,,,,,,,,25.25
2016-09-01,,,,,,,,25.24
2016-09-02,,,,,,,,25.23
2016-09-06,,,,,,,,25.36
2016-09-07,,,,,,,,23.57
2016-09-08,,,,,,,,23.87
2016-09-09,,,,,,,,23.71
2016-09-12,,,,,,,,23.99
2016-09-13,,,,,,,,23.78
2016-09-14,,,,,,,,23.99
2016-09-15,,,,,,,,24.85
2016-09-16,,,,,,,,25.49
2016-09-19,,,,,,,,26.03
2016-09-20,,,,,,,,26.28
2016-09-21,,,,,,,,26.42
2016-09-22,,,,,,,,26.65
2016-09-23,,,,,,,,26.7
2016-09-26,,,,,,,,26.26
2016-09-27,,,,,,,,26.27
2016-09-28,,,,,,,,26.21
2016-09-29,,,,,,,,25.83
2016-09-30,,,,,,,,25.83
2016-10-03,,,,,,,,25.68
2016-10-04,,,,,,,,26.0
2016-10-05,,,,,,,,25.96
2016-10-06,,,,,,,,25.79
2016-10-07,,,,,,,,25.63
2016-10-10,,,,,,,,26.09
2016-10-11,,,,,,,,24.99
2016-10-12,,,,,,,,24.36
2016-10-13,,,,,,,,23.75
2016-10-14,,,,,,,,23.63
2016-10-17,,,,,,,,23.37
2016-10-18,,,,,,,,23.97
2016-10-19,,,,,,,,24.05
2016-10-20,,,,,,,,24.5
2016-10-21,,,,,,,,24.29
2016-10-24,,,,,,,,24.29
2016-10-25,,,,,,,,23.89
2016-10-26,,,,,,,,23.17
2016-10-27,,,,,,,,23.43
2016-10-28,,,,,,,,23.08
2016-10-31,,,,,,,,22.9
2016-11-01,,,,,,,,22.79
2016-11-02,,,,,,,,22.65
2016-11-03,,,,,,,,22.16
2016-11-04,,,,,,,,22.4
2016-11-07,,,,,,,,22.87
2016-11-08,,,,,,,,23.64
2016-11-09,,,,,,,,24.98
2016-11-10,,,,,,,,25.44
2016-11-11,,,,,,,,25.26
2016-11-14,,,,,,,,25.3
2016-11-15,,,,,,,,25.24
2016-11-16,,,,,,,,25.56
2016-11-17,,,,,,,,25.65
2016-11-18,,,,,,,,25.62
2016-11-21,,,,,,,,25.12
2016-11-22,,,,,,,,24.88
2016-11-23,,,,,,,,25.1
2016-11-25,,,,,,,,24.71
2016-11-28,,,,,,,,24.51
2016-11-29,,,,,,,,24.11
2016-11-30,,,,,,,,24.04
2016-12-01,,,,,,,,23.2
2016-12-02,,,,,,,,23.55
2016-12-05,,,,,,,,23.66
2016-12-06,,,,,,,,23.5
2016-12-07,,,,,,,,23.48
2016-12-08,,,,,,,,24.08
2016-12-09,,,,,,,,24.59
2016-12-12,,,,,,,,24.91
2016-12-13,,,,,,,,25.53
2016-12-14,,,,,,,,25.92
2016-12-15,,,,,,,,26.61
2016-12-16,,,,,,,,26.86
2016-12-19,,,,,,,,26.89
2016-12-20,,,,,,,,26.79
2016-12-21,,,,,,,,26.48
2016-12-22,,,,,,,,26.36
2016-12-23,,,,,,,,26.84
2016-12-27,,,,,,,,26.88
2016-12-28,,,,,,,,26.67
2016-12-29,,,,,,,,26.72
2016-12-30,,,,,,,,26.94
2017-01-03,,,,,,,,26.85
2017-01-04,,,,,,,,27.22
2017-01-05,,,,,,,,26.9
2017-01-06,,,,,,,,26.96
2017-01-09,,,,,,,,26.82
2017-01-10,,,,,,,,26.87
2017-01-11,,,,,,,,26.56
2017-01-12,,,,,,,,26.02
2017-01-13,,,,,,,,26.33
2017-01-17,,,,,,,,25.95
2017-01-18,,,,,,,,26.02
2017-01-19,,,,,,,,25.95
2017-01-20,,,,,,,,26.11
2017-01-23,,,,,,,,26.37
2017-01-24,,,,,,,,26.8
2017-01-25,,,,,,,,27.43
2017-01-26,,,,,,,,27.53
2017-01-27,,,,,,,,27.04
2017-01-30,,,,,,,,26.19
2017-01-31,,,,,,,,26.52
2017-02-01,,,,,,,,27.6
2017-02-02,,,,,,,,27.82
2017-02-03,,,,,,,,28.04
2017-02-06,,,,,,,,28.07
2017-02-07,,,,,,,,28.9
2017-02-08,,,,,,,,28.35
2017-02-09,,,,,,,,28.79
2017-02-10,,,,,,,,28.99
2017-02-13,,,,,,,,28.79
2017-02-14,,,,,,,,28.99
2017-02-15,,,,,,,,29.22
2017-02-16,,,,,,,,28.88
2017-02-17,,,,,,,,29.05
2017-02-21,,,,,,,,28.87
2017-02-22,,,,,,,,28.59
2017-02-23,,,,,,,,28.26
2017-02-24,,,,,,,,28.28
2017-02-27,,,,,,,,28.93
2017-02-28,,,,,,,,28.76
2017-03-01,,,,,,,,29.43
2017-03-02,,,,,,,,29.33
2017-03-03,,,,,,,,28.93
2017-03-06,,,,,,,,28.88
2017-03-07,,,,,,,,29.01
2017-03-08,,,,,,,,28.92
2017-03-09,,,,,,,,28.62
2017-03-10,,,,,,,,28.41
2017-03-13,,,,,,,,28.73
2017-03-14,,,,,,,,28.6
2017-03-15,,,,,,,,28.91
2017-03-16,,,,,,,,28.61
2017-03-17,,,,,,,,28.72
2017-03-20,,,,,,,,28.52
2017-03-21,,,,,,,,27.97
2017-03-22,,,,,,,,28.01
2017-03-23,,,,,,,,28.2
2017-03-24,,,,,,,,28.09
2017-03-27,,,,,,,,28.13
2017-03-28,,,,,,,,28.48
2017-03-29,,,,,,,,28.62
2017-03-30,,,,,,,,28.6
2017-03-31,,,,,,,,28.35
2017-04-03,,,,,,,,28.37
2017-04-04,,,,,,,,27.88
2017-04-05,,,,,,,,27.87
2017-04-06,,,,,,,,28.03
2017-04-07,,,,,,,,28.41
2017-04-10,,,,,,,,28.4
2017-04-11,,,,,,,,28.39
2017-04-12,,,,,,,,28.0
2017-04-13,,,,,,,,27.66
2017-04-17,,,,,,,,28.05
2017-04-18,,,,,,,,27.81
2017-04-19,,,,,,,,27.95
2017-04-20,,,,,,,,28.22
2017-04-21,,,,,,,,28.1
2017-04-24,,,,,,,,28.57
2017-04-25,,,,,,,,29.01
2017-04-26,,,,,,,,29.31
2017-04-27,,,,,,,,29.5
2017-04-28,,,,,,,,29.41
2017-05-01,,,,,,,,29.47
2017-05-02,,,,,,,,29.35
2017-05-03,,,,,,,,29.05
2017-05-04,,,,,,,,28.98
2017-05-05,,,,,,,,31.52
2017-05-08,,,,,,,,31.41
2017-05-09,,,,,,,,31.63
2017-05-10,,,,,,,,31.82
2017-05-11,,,,,,,,31.99
2017-05-12,,,,,,,,32.12
2017-05-15,,,,,,,,33.46
2017-05-16,,,,,,,,34.22
2017-05-17,,,,,,,,33.68
2017-05-18,,,,,,,,33.44
2017-05-19,,,,,,,,33.88
2017-05-22,,,,,,,,34.25
2017-05-23,,,,,,,,34.64
2017-05-24,,,,,,,,35.37
2017-05-25,,,,,,,,35.55
2017-05-26,,,,,,,,35.9
2017-05-30,,,,,,,,35.53
2017-05-31,,,,,,,,35.45
2017-06-01,,,,,,,,36.11
2017-06-02,,,,,,,,37.32
2017-06-05,,,,,,,,37.21
2017-06-06,,,,,,,,37.04
2017-06-07,,,,,,,,36.99
2017-06-08,,,,,,,,37.01
2017-06-09,,,,,,,,37.09
2017-06-12,,,,,,,,37.11
2017-06-13,,,,,,,,36.78
2017-06-14,,,,,,,,36.82
2017-06-15,,,,,,,,36.91
2017-06-16,,,,,,,,36.83
2017-06-19,,,,,,,,37.45
2017-06-20,,,,,,,,37.44
2017-06-21,,,,,,,,38.03
2017-06-22,,,,,,,,37.93
2017-06-23,,,,,,,,37.31
2017-06-26,,,,,,,,36.81
2017-06-27,,,,,,,,36.11
2017-06-28,,,,,,,,35.85
2017-06-29,,,,,,,,35.23
2017-06-30,,,,,,,,35.22
2017-07-03,,,,,,,,35.54
2017-07-05,,,,,,,,35.42
2017-07-06,,,,,,,,35.25
2017-07-07,,,,,,,,35.6
2017-07-10,,,,,,,,35.82
2017-07-11,,,,,,,,35.84
2017-07-12,,,,,,,,36.32
2017-07-13,,,,,,,,35.51
2017-07-14,,,,,,,,35.76
2017-07-17,,,,,,,,35.89
2017-07-18,,,,,,,,35.81
2017-07-19,,,,,,,,35.95
2017-07-20,,,,,,,,35.91
2017-07-21,,,,,,,,35.86
2017-07-24,,,,,,,,36.04
2017-07-25,,,,,,,,35.73
2017-07-26,,,,,,,,35.47
2017-07-27,,,,,,,,35.04
2017-07-28,,,,,,,,35.09
2017-07-31,,,,,,,,34.79
2017-08-01,,,,,,,,34.84
2017-08-02,,,,,,,,34.55
2017-08-03,,,,,,,,34.29
2017-08-04,,,,,,,,34.28
2017-08-07,,,,,,,,34.48
2017-08-08,,,,,,,,34.82
2017-08-09,,,,,,,,34.49
2017-08-10,,,,,,,,33.91
2017-08-11,,,,,,,,33.98
2017-08-14,,,,,,,,34.58
2017-08-15,,,,,,,,35.22
2017-08-16,,,,,,,,35.31
2017-08-17,,,,,,,,34.59
2017-08-18,,,,,,,,34.57
2017-08-21,,,,,,,,34.79
2017-08-22,,,,,,,,35.6
2017-08-23,,,,,,,,35.09
2017-08-24,,,,,,,,35.21
2017-08-25,,,,,,,,35.31
2017-08-28,,,,,,,,35.39
2017-08-29,,,,,,,,40.4
2017-08-30,,,,,,,,39.84
2017-08-31,,,,,,,,40.58
2017-09-01,,,,,,,,40.77
2017-09-05,,,,,,,,41.38
2017-09-06,,,,,,,,41.79
2017-09-07,,,,,,,,41.66
2017-09-08,,,,,,,,40.64
2017-09-11,,,,,,,,40.86
2017-09-12,,,,,,,,40.77
2017-09-13,,,,,,,,40.76
2017-09-14,,,,,,,,40.47
2017-09-15,,,,,,,,39.68
2017-09-18,,,,,,,,39.87
2017-09-19,,,,,,,,38.96
2017-09-20,,,,,,,,39.22
2017-09-21,,,,,,,,40.23
2017-09-22,,,,,,,,40.57
2017-09-25,,,,,,,,40.73
2017-09-26,,,,,,,,39.38
2017-09-27,,,,,,,,39.65
2017-09-28,,,,,,,,39.67
2017-09-29,,,,,,,,39.71
2017-10-02,,,,,,,,41.1
2017-10-03,,,,,,,,41.5
2017-10-04,,,,,,,,42.34
2017-10-05,,,,,,,,41.91
2017-10-06,,,,,,,,42.13
2017-10-09,,,,,,,,41.57
2017-10-10,,,,,,,,41.94
2017-10-11,,,,,,,,42.67
2017-10-12,,,,,,,,42.32
2017-10-13,,,,,,,,41.59
2017-10-16,,,,,,,,42.06
2017-10-17,,,,,,,,41.7
2017-10-18,,,,,,,,42.03
2017-10-19,,,,,,,,42.37
2017-10-20,,,,,,,,42.87
2017-10-23,,,,,,,,42.96
2017-10-24,,,,,,,,42.94
2017-10-25,,,,,,,,42.75
2017-10-26,,,,,,,,42.6
2017-10-27,,,,,,,,42.83
2017-10-30,,,,,,,,42.05
2017-10-31,,,,,,,,42.71
2017-11-01,,,,,,,,42.1
2017-11-02,,,,,,,,41.87
2017-11-03,,,,,,,,42.21
2017-11-06,,,,,,,,40.1
2017-11-07,,,,,,,,40.14
2017-11-08,,,,,,,,39.83
2017-11-09,,,,,,,,38.27
2017-11-10,,,,,,,,37.97
2017-11-13,,,,,,,,37.92
2017-11-14,,,,,,,,37.21
2017-11-15,,,,,,,,37.3
2017-11-16,,,,,,,,38.38
2017-11-17,,,,,,,,38.21
2017-11-20,,,,,,,,38.39
2017-11-21,,,,,,,,38.84
2017-11-22,,,,,,,,38.99
2017-11-24,,,,,,,,39.51
2017-11-27,,,,,,,,39.36
2017-11-28,,,,,,,,40.08
2017-11-29,,,,,,,,39.63
2017-11-30,,,,,,,,39.63
2017-12-01,,,,,,,,38.85
2017-12-04,,,,,,,,38.38
2017-12-05,,,,,,,,38.06
2017-12-06,,,,,,,,39.09
2017-12-07,,,,,,,,39.44
2017-12-08,,,,,,,,39.6
2017-12-11,,,,,,,,39.72
2017-12-12,,,,,,,,39.51
2017-12-13,,,,,,,,40.04
2017-12-14,,,,,,,,40.11
2017-12-15,,,,,,,,40.96
2017-12-18,,,,,,,,41.17
2017-12-19,,,,,,,,41.77
2017-12-20,,,,,,,,41.83
2017-12-21,,,,,,,,41.64
2017-12-22,,,,,,,,41.3
2017-12-26,,,,,,,,41.57
2017-12-27,,,,,,,,41.52
2017-12-28,,,,,,,,41.34
2017-12-29,,,,,,,,41.31
2018-01-02,,,,,,,,41.69
2018-01-03,,,,,,,,42.05
2018-01-04,,,,,,,,41.96
2018-01-05,,,,,,,,41.6
2018-01-08,,,,,,,,41.46
2018-01-09,,,,,,,,41.89
2018-01-10,,,,,,,,42.14
2018-01-11,,,,,,,,42.41
2018-01-12,,,,,,,,42.92
2018-01-16,,,,,,,,42.79
2018-01-17,,,,,,,,42.93
2018-01-18,,,,,,,,42.43
2018-01-19,,,,,,,,42.68
2018-01-22,,,,,,,,43.41
2018-01-23,,,,,,,,44.33
2018-01-24,,,,,,,,45.92
2018-01-25,,,,,,,,46.57
2018-01-26,,,,,,,,47.14
2018-01-29,,,,,,,,47.52
2018-01-30,,,,,,,,47.19
2018-01-31,,,,,,,,46.75
2018-02-01,,,,,,,,46.92
2018-02-02,,,,,,,,47.05
2018-02-05,,,,,,,,44.46
2018-02-06,,,,,,,,42.02
2018-02-07,,,,,,,,41.2
2018-02-08,,,,,,,,41.15
2018-02-09,,,,,,,,40.12
2018-02-12,,,,,,,,40.58
2018-02-13,,,,,,,,40.56
2018-02-14,,,,,,,,41.41
2018-02-15,,,,,,,,42.48
2018-02-16,,,,,,,,43.26
2018-02-20,,,,,,,,42.57
2018-02-21,,,,,,,,43.29
2018-02-22,,,,,,,,42.57
2018-02-23,,,,,,,,42.56
2018-02-26,,,,,,,,42.83
2018-02-27,,,,,,,,42.7
2018-02-28,,,,,,,,42.16
2018-03-01,,,,,,,,40.8
2018-03-02,,,,,,,,40.44
2018-03-05,,,,,,,,40.57
2018-03-06,,,,,,,,41.02
2018-03-07,,,,,,,,41.03
2018-03-08,,,,,,,,41.87
2018-03-09,,,,,,,,42.6
2018-03-12,,,,,,,,43.52
2018-03-13,,,,,,,,42.77
2018-03-14,,,,,,,,42.44
2018-03-15,,,,,,,,42.22
2018-03-16,,,,,,,,41.81
2018-03-19,,,,,,,,40.77
2018-03-20,,,,,,,,40.54
2018-03-21,,,,,,,,41.68
2018-03-22,,,,,,,,40.95
2018-03-23,,,,,,,,39.78
2018-03-26,,,,,,,,39.95
2018-03-27,,,,,,,,40.02
2018-03-28,,,,,,,,40.56
2018-03-29,,,,,,,,40.91
2018-04-02,,,,,,,,39.57
2018-04-03,,,,,,,,39.28
2018-04-04,,,,,,,,39.39
2018-04-05,,,,,,,,39.74
2018-04-06,,,,,,,,39.16
2018-04-09,,,,,,,,39.59
2018-04-10,,,,,,,,40.21
2018-04-11,,,,,,,,40.02
2018-04-12,,,,,,,,40.48
2018-04-13,,,,,,,,40.24
2018-04-16,,,,,,,,40.98
2018-04-17,,,,,,,,41.7
2018-04-18,,,,,,,,42.31
2018-04-19,,,,,,,,41.93
2018-04-20,,,,,,,,41.86
2018-04-23,,,,,,,,42.13
2018-04-24,,,,,,,,41.41
2018-04-25,,,,,,,,41.0
2018-04-26,,,,,,,,41.39
2018-04-27,,,,,,,,41.74
2018-04-30,,,,,,,,41.58
2018-05-01,,,,,,,,40.38
2018-05-02,,,,,,,,40.89
2018-05-03,,,,,,,,39.88
2018-05-04,,,,,,,,40.48
2018-05-07,,,,,,,,40.25
2018-05-08,,,,,,,,39.38
2018-05-09,,,,,,,,39.0
2018-05-10,,,,,,,,39.3
2018-05-11,,,,,,,,39.91
2018-05-14,,,,,,,,39.9
2018-05-15,,,,,,,,39.37
2018-05-16,,,,,,,,39.37
2018-05-17,,,,,,,,39.41
2018-05-18,,,,,,,,40.04
2018-05-21,,,,,,,,40.49
2018-05-22,,,,,,,,40.22
2018-05-23,,,,,,,,39.32
2018-05-24,,,,,,,,38.83
2018-05-25,,,,,,,,38.87
2018-05-29,,,,,,,,38.59
2018-05-30,,,,,,,,39.77
2018-05-31,,,,,,,,39.39
2018-06-01,,,,,,,,39.66
2018-06-04,,,,,,,,39.25
2018-06-05,,,,,,,,39.36
2018-06-06,,,,,,,,39.55
2018-06-07,,,,,,,,39.46
2018-06-08,,,,,,,,40.06
2018-06-11,,,,,,,,39.95
2018-06-12,,,,,,,,40.19
2018-06-13,,,,,,,,40.25
2018-06-14,,,,,,,,41.07
2018-06-15,,,,,,,,41.47
2018-06-18,,,,,,,,41.24
2018-06-19,,,,,,,,41.56
2018-06-20,,,,,,,,42.34
2018-06-21,,,,,,,,42.08
2018-06-22,,,,,,,,41.59
2018-06-25,,,,,,,,40.56
2018-06-26,,,,,,,,41.36
2018-06-27,,,,,,,,41.43
2018-06-28,,,,,,,,40.96
2018-06-29,,,,,,,,42.03
2018-07-02,,,,,,,,41.71
2018-07-03,,,,,,,,42.07
2018-07-05,,,,,,,,42.29
2018-07-06,,,,,,,,43.09
2018-07-09,,,,,,,,43.75
2018-07-10,,,,,,,,43.89
2018-07-11,,,,,,,,43.39
2018-07-12,,,,,,,,43.42
2018-07-13,,,,,,,,43.49
2018-07-16,,,,,,,,43.0
2018-07-17,,,,,,,,43.2
2018-07-18,,,,,,,,43.13
2018-07-19,,,,,,,,43.29
2018-07-20,,,,,,,,43.91
2018-07-23,,,,,,,,43.94
2018-07-24,,,,,,,,40.47
2018-07-25,,,,,,,,42.32
2018-07-26,,,,,,,,42.6
2018-07-27,,,,,,,,42.59
2018-07-30,,,,,,,,41.76
2018-07-31,,,,,,,,41.76
2018-08-01,,,,,,,,41.28
2018-08-02,,,,,,,,42.06
2018-08-03,,,,,,,,41.8
2018-08-06,,,,,,,,41.45
2018-08-07,,,,,,,,41.11
2018-08-08,,,,,,,,40.39
2018-08-09,,,,,,,,40.32
2018-08-10,,,,,,,,40.15
2018-08-13,,,,,,,,40.22
2018-08-14,,,,,,,,40.38
2018-08-15,,,,,,,,40.35
2018-08-16,,,,,,,,40.79
2018-08-17,,,,,,,,40.92
2018-08-20,,,,,,,,41.32
2018-08-21,,,,,,,,41.64
2018-08-22,,,,,,,,41.83
2018-08-23,,,,,,,,41.92
2018-08-24,,,,,,,,42.13
2018-08-27,,,,,,,,43.31
2018-08-28,,,,,,,,43.86
2018-08-29,,,,,,,,42.27
2018-08-30,,,,,,,,41.8
2018-08-31,,,,,,,,41.72
2018-09-04,,,,,,,,41.56
2018-09-05,,,,,,,,41.64
2018-09-06,,,,,,,,40.77
2018-09-07,,,,,,,,40.94
2018-09-10,,,,,,,,41.11
2018-09-11,,,,,,,,41.25
2018-09-12,,,,,,,,41.68
2018-09-13,,,,,,,,42.63
2018-09-14,,,,,,,,43.05
2018-09-17,,,,,,,,42.66
2018-09-18,,,,,,,,42.82
2018-09-19,,,,,,,,42.79
2018-09-20,,,,,,,,43.05
2018-09-21,,,,,,,,42.65
2018-09-24,,,,,,,,42.87
2018-09-25,,,,,,,,43.49
2018-09-26,,,,,,,,44.2
2018-09-27,,,,,,,,45.27
2018-09-28,,,,,,,,45.56
2018-10-01,,,,,,,,45.32
2018-10-02,,,,,,,,45.44
2018-10-03,,,,,,,,46.2
2018-10-04,,,,,,,,44.72
2018-10-05,,,,,,,,44.25
2018-10-08,,,,,,,,44.28
2018-10-09,,,,,,,,43.95
2018-10-10,,,,,,,,43.29
2018-10-11,,,,,,,,42.0
2018-10-12,,,,,,,,41.35
2018-10-15,,,,,,,,41.6
2018-10-16,,,,,,,,42.52
2018-10-17,,,,,,,,43.24
2018-10-18,,,,,,,,42.35
2018-10-19,,,,,,,,41.63
2018-10-22,,,,,,,,41.3
2018-10-23,,,,,,,,40.82
2018-10-24,,,,,,,,39.5
2018-10-25,,,,,,,,39.19
2018-10-26,,,,,,,,38.2
2018-10-29,,,,,,,,38.21
2018-10-30,,,,,,,,38.45
2018-10-31,,,,,,,,39.97
2018-11-01,,,,,,,,41.51
2018-11-02,,,,,,,,41.79
2018-11-05,,,,,,,,41.43
2018-11-06,,,,,,,,35.69
2018-11-07,,,,,,,,37.92
2018-11-08,,,,,,,,37.59
2018-11-09,,,,,,,,37.45
2018-11-12,,,,,,,,37.82
2018-11-13,,,,,,,,38.25
2018-11-14,,,,,,,,37.93
2018-11-15,,,,,,,,38.65
2018-11-16,,,,,,,,39.38
2018-11-19,,,,,,,,38.09
2018-11-20,,,,,,,,37.66
2018-11-21,,,,,,,,38.07
2018-11-23,,,,,,,,38.65
2018-11-26,,,,,,,,39.24
2018-11-27,,,,,,,,39.03
2018-11-28,,,,,,,,39.45
2018-11-29,,,,,,,,39.42
2018-11-30,,,,,,,,39.39
2018-12-03,,,,,,,,40.3
2018-12-04,,,,,,,,38.67
2018-12-06,,,,,,,,37.15
2018-12-07,,,,,,,,36.48
2018-12-10,,,,,,,,35.71
2018-12-11,,,,,,,,36.2
2018-12-12,,,,,,,,36.82
2018-12-13,,,,,,,,36.13
2018-12-14,,,,,,,,34.81
2018-12-17,,,,,,,,34.41
2018-12-18,,,,,,,,33.49
2018-12-19,,,,,,,,33.06
2018-12-20,,,,,,,,31.39
2018-12-21,,,,,,,,30.81
2018-12-24,,,,,,,,29.93
2018-12-26,,,,,,,,30.44
2018-12-27,,,,,,,,30.42
2018-12-28,,,,,,,,30.73
2018-12-31,,,,,,,,30.96
2019-01-02,,,,,,,,30.85
2019-01-03,,,,,,,,29.93
2019-01-04,,,,,,,,31.01
2019-01-07,,,,,,,,31.92
2019-01-08,,,,,,,,32.8
2019-01-09,,,,,,,,33.3
2019-01-10,,,,,,,,33.68
2019-01-11,,,,,,,,33.72
2019-01-14,,,,,,,,33.56
2019-01-15,,,,,,,,33.91
2019-01-16,,,,,,,,34.7
2019-01-17,,,,,,,,35.05
2019-01-18,,,,,,,,35.5
2019-01-22,,,,,,,,35.36
2019-01-23,,,,,,,,35.26
2019-01-24,,,,,,,,35.48
2019-01-25,,,,,,,,36.04
2019-01-28,,,,,,,,36.27
2019-01-29,,,,,,,,36.35
2019-01-30,,,,,,,,36.44
2019-01-31,,,,,,,,36.87
2019-02-01,,,,,,,,37.35
2019-02-04,,,,,,,,37.1
2019-02-05,,,,,,,,39.78
2019-02-06,,,,,,,,39.27
2019-02-07,,,,,,,,39.36
2019-02-08,,,,,,,,39.42
2019-02-11,,,,,,,,39.99
2019-02-12,,,,,,,,40.73
2019-02-13,,,,,,,,41.08
2019-02-14,,,,,,,,41.55
2019-02-15,,,,,,,,42.04
2019-02-19,,,,,,,,42.06
2019-02-20,,,,,,,,42.56
2019-02-21,,,,,,,,42.59
2019-02-22,,,,,,,,43.28
2019-02-25,,,,,,,,43.54
2019-02-26,,,,,,,,42.9
2019-02-27,,,,,,,,43.13
2019-02-28,,,,,,,,43.23
2019-03-01,,,,,,,,43.88
2019-03-04,,,,,,,,43.59
2019-03-05,,,,,,,,43.71
2019-03-06,,,,,,,,42.95
2019-03-07,,,,,,,,42.4
2019-03-08,,,,,,,,42.01
2019-03-11,,,,,,,,41.75
2019-03-12,,,,,,,,41.93
2019-03-13,,,,,,,,42.14
2019-03-14,,,,,,,,41.85
2019-03-15,,,,,,,,42.15
2019-03-18,,,,,,,,42.48
2019-03-19,,,,,,,,42.67
2019-03-20,,,,,,,,42.53
2019-03-21,,,,,,,,42.94
2019-03-22,,,,,,,,41.18
2019-03-25,,,,,,,,40.37
2019-03-26,,,,,,,,40.76
2019-03-27,,,,,,,,40.12
2019-03-28,,,,,,,,40.37
2019-03-29,,,,,,,,40.61
2019-04-01,,,,,,,,40.72
2019-04-02,,,,,,,,40.49
2019-04-03,,,,,,,,40.35
2019-04-04,,,,,,,,39.81
2019-04-05,,,,,,,,40.1
2019-04-08,,,,,,,,40.05
2019-04-09,,,,,,,,39.65
2019-04-10,,,,,,,,39.88
2019-04-11,,,,,,,,39.66
2019-04-12,,,,,,,,39.35
2019-04-15,,,,,,,,43.51
2019-04-16,,,,,,,,43.28
2019-04-17,,,,,,,,42.26
2019-04-18,,,,,,,,43.55
2019-04-22,,,,,,,,43.76
2019-04-23,,,,,,,,44.6
2019-04-24,,,,,,,,44.31
2019-04-25,,,,,,,,44.57
2019-04-26,,,,,,,,45.03
2019-04-29,,,,,,,,45.11
2019-04-30,,,,,,,,44.84
2019-05-01,,,,,,,,44.46
2019-05-02,,,,,,,,44.1
2019-05-03,,,,,,,,45.3
2019-05-06,,,,,,,,46.44
2019-05-07,,,,,,,,44.84
2019-05-08,,,,,,,,45.07
2019-05-09,,,,,,,,45.15
2019-05-10,,,,,,,,44.78
2019-05-13,,,,,,,,43.19
2019-05-14,,,,,,,,43.98
2019-05-15,,,,,,,,44.55
2019-05-16,,,,,,,,45.44
2019-05-17,,,,,,,,45.74
2019-05-20,,,,,,,,45.32
2019-05-21,,,,,,,,45.93
2019-05-22,,,,,,,,46.1
2019-05-23,,,,,,,,45.99
2019-05-24,,,,,,,,46.34
2019-05-28,,,,,,,,45.46
2019-05-29,,,,,,,,45.14
2019-05-30,,,,,,,,45.5
2019-05-31,,,,,,,,45.42
2019-06-03,,,,,,,,45.67
2019-06-04,,,,,,,,46.54
2019-06-05,,,,,,,,45.84
2019-06-06,,,,,,,,47.26
2019-06-07,,,,,,,,48.17
2019-06-10,,,,,,,,48.75
2019-06-11,,,,,,,,49.46
2019-06-12,,,,,,,,49.56
2019-06-13,,,,,,,,50.0
2019-06-14,,,,,,,,49.7
2019-06-17,,,,,,,,50.63
2019-06-18,,,,,,,,50.55
2019-06-19,,,,,,,,50.64
2019-06-20,,,,,,,,50.43
2019-06-21,,,,,,,,52.87
2019-06-24,,,,,,,,52.82
2019-06-25,,,,,,,,52.98
2019-06-26,,,,,,,,52.9
2019-06-27,,,,,,,,53.65
2019-06-28,,,,,,,,54.42
2019-07-01,,,,,,,,54.24
2019-07-02,,,,,,,,55.26
2019-07-03,,,,,,,,55.78
2019-07-05,,,,,,,,55.28
2019-07-08,,,,,,,,54.64
2019-07-09,,,,,,,,54.57
2019-07-10,,,,,,,,54.62
2019-07-11,,,,,,,,54.15
2019-07-12,,,,,,,,53.48
2019-07-15,,,,,,,,54.0
2019-07-16,,,,,,,,53.92
2019-07-17,,,,,,,,53.79
2019-07-18,,,,,,,,54.16
2019-07-19,,,,,,,,54.47
2019-07-22,,,,,,,,54.83
2019-07-23,,,,,,,,54.93
2019-07-24,,,,,,,,55.11
2019-07-25,,,,,,,,56.17
2019-07-26,,,,,,,,57.16
2019-07-29,,,,,,,,56.57
2019-07-30,,,,,,,,57.8
2019-07-31,,,,,,,,57.15
2019-08-01,,,,,,,,56.08
2019-08-02,,,,,,,,54.92
2019-08-05,,,,,,,,53.44
2019-08-06,,,,,,,,54.64
2019-08-07,,,,,,,,56.27
2019-08-08,,,,,,,,57.14
2019-08-09,,,,,,,,57.06
2019-08-12,,,,,,,,55.86
2019-08-13,,,,,,,,56.56
2019-08-14,,,,,,,,55.35
2019-08-15,,,,,,,,55.43
2019-08-16,,,,,,,,55.88
2019-08-19,,,,,,,,56.29
2019-08-20,,,,,,,,55.86
2019-08-21,,,,,,,,55.77
2019-08-22,,,,,,,,55.28
2019-08-23,,,,,,,,53.85
2019-08-26,,,,,,,,54.24
2019-08-27,,,,,,,,53.6
2019-08-28,,,,,,,,52.03
2019-08-29,,,,,,,,53.08
2019-08-30,,,,,,,,52.54
2019-09-03,,,,,,,,52.25
2019-09-04,,,,,,,,52.01
2019-09-05,,,,,,,,52.64
2019-09-06,,,,,,,,52.77
2019-09-09,,,,,,,,51.83
2019-09-10,,,,,,,,50.4
2019-09-11,,,,,,,,50.94
2019-09-12,,,,,,,,51.91
2019-09-13,,,,,,,,51.35
2019-09-16,,,,,,,,50.91
2019-09-17,,,,,,,,50.7
2019-09-18,,,,,,,,50.72
2019-09-19,,,,,,,,50.79
2019-09-20,,,,,,,,51.44
2019-09-23,,,,,,,,51.69
2019-09-24,,,,,,,,51.32
2019-09-25,,,,,,,,49.75
2019-09-26,,,,,,,,48.79
2019-09-27,,,,,,,,47.63
2019-09-30,,,,,,,,47.7
2019-10-01,,,,,,,,47.35
2019-10-02,,,,,,,,46.91
2019-10-03,,,,,,,,47.71
2019-10-04,,,,,,,,48.55
2019-10-07,,,,,,,,48.84
2019-10-08,,,,,,,,47.88
2019-10-09,,,,,,,,48.07
2019-10-10,,,,,,,,47.6
2019-10-11,,,,,,,,48.74
2019-10-14,,,,,,,,48.43
2019-10-15,,,,,,,,49.05
2019-10-16,,,,,,,,48.82
2019-10-17,,,,,,,,49.62
2019-10-18,,,,,,,,48.7
2019-10-21,,,,,,,,48.5
2019-10-22,,,,,,,,48.53
2019-10-23,,,,,,,,49.0
2019-10-24,,,,,,,,49.39
2019-10-25,,,,,,,,49.58
2019-10-28,,,,,,,,50.06
2019-10-29,,,,,,,,50.55
2019-10-30,,,,,,,,49.91
2019-10-31,,,,,,,,48.87
2019-11-01,,,,,,,,49.4
2019-11-04,,,,,,,,49.93
2019-11-05,,,,,,,,50.24
2019-11-06,,,,,,,,49.3
2019-11-07,,,,,,,,49.37
2019-11-08,,,,,,,,49.36
2019-11-11,,,,,,,,49.65
2019-11-12,,,,,,,,49.62
2019-11-13,,,,,,,,49.44
2019-11-14,,,,,,,,48.88
2019-11-15,,,,,,,,50.09
2019-11-18,,,,,,,,50.34
2019-11-19,,,,,,,,50.98
2019-11-20,,,,,,,,51.49
2019-11-21,,,,,,,,51.43
2019-11-22,,,,,,,,52.05
2019-11-25,,,,,,,,52.86
2019-11-26,,,,,,,,52.7
2019-11-27,,,,,,,,53.02
2019-11-29,,,,,,,,52.39
2019-12-02,,,,,,,,51.6
2019-12-03,,,,,,,,51.28
2019-12-04,,,,,,,,51.65
2019-12-05,,,,,,,,51.58
2019-12-06,,,,,,,,52.16
2019-12-09,,,,,,,,52.03
2019-12-10,,,,,,,,52.75
2019-12-11,,,,,,,,52.76
2019-12-12,,,,,,,,52.25
2019-12-13,,,,,,,,52.22
2019-12-16,,,,,,,,53.18
2019-12-17,,,,,,,,52.68
2019-12-18,,,,,,,,52.95
2019-12-19,,,,,,,,54.31
2019-12-20,,,,,,,,55.59
2019-12-23,,,,,,,,55.79
2019-12-24,,,,,,,,55.96
2019-12-26,,,,,,,,56.05
2019-12-27,,,,,,,,56.29
2019-12-30,,,,,,,,56.74
2019-12-31,,,,,,,,56.4
2020-01-02,,,,,,,,56.14
2020-01-03,,,,,,,,56.09
2020-01-06,,,,,,,,55.9
2020-01-07,,,,,,,,56.26
2020-01-08,,,,,,,,56.8
2020-01-09,,,,,,,,56.94
2020-01-10,,,,,,,,57.5
2020-01-13,,,,,,,,59.02
2020-01-14,,,,,,,,60.16
2020-01-15,,,,,,,,60.7
2020-01-16,,,,,,,,61.36
2020-01-17,,,,,,,,61.04
2020-01-21,,,,,,,,61.35
2020-01-22,,,,,,,,61.66
2020-01-23,,,,,,,,61.53
2020-01-24,,,,,,,,61.59
2020-01-27,,,,,,,,61.85
2020-01-28,,,,,,,,62.74
2020-01-29,,,,,,,,63.01
2020-01-30,,,,,,,,61.89
2020-01-31,,,,,,,,61.25
2020-02-03,,,,,,,,62.43
2020-02-04,,,,,,,,59.52
2020-02-05,,,,,,,,59.54
2020-02-06,,,,,,,,59.14
2020-02-07,,,,,,,,57.77
2020-02-10,,,,,,,,58.94
2020-02-11,,,,,,,,59.64
2020-02-12,,,,,,,,59.33
2020-02-13,,,,,,,,59.62
2020-02-14,,,,,,,,60.21
2020-02-18,,,,,,,,59.7
2020-02-19,,,,,,,,60.29
2020-02-20,,,,,,,,58.95
2020-02-21,,,,,,,,58.85
2020-02-24,,,,,,,,56.07
2020-02-25,,,,,,,,55.17
2020-02-26,,,,,,,,55.1
2020-02-27,,,,,,,,53.38
2020-02-28,,,,,,,,50.92
2020-03-02,,,,,,,,52.81
2020-03-03,,,,,,,,52.83
2020-03-04,,,,,,,,54.67
2020-03-05,,,,,,,,52.2
2020-03-06,,,,,,,,49.25
2020-03-09,,,,,,,,44.29
2020-03-10,,,,,,,,45.95
2020-03-11,,,,,,,,45.8
2020-03-12,,,,,,,,42.77
2020-03-13,,,,,,,,45.38
2020-03-16,,,,,,,,41.43
2020-03-17,,,,,,,,41.92
2020-03-18,,,,,,,,36.84
2020-03-19,,,,,,,,40.11
2020-03-20,,,,,,,,40.18
2020-03-23,,,,,,,,40.08
2020-03-24,,,,,,,,45.7
2020-03-25,,,,,,,,47.91
2020-03-26,,,,,,,,49.93
2020-03-27,,,,,,,,48.65
2020-03-30,,,,,,,,49.83
2020-03-31,,,,,,,,51.57
2020-04-01,,,,,,,,48.69
2020-04-02,,,,,,,,49.13
2020-04-03,,,,,,,,48.65
2020-04-06,,,,,,,,52.15
2020-04-07,,,,,,,,53.37
2020-04-08,,,,,,,,54.45
2020-04-09,,,,,,,,56.43
2020-04-13,,,,,,,,54.74
2020-04-14,,,,,,,,56.38
2020-04-15,,,,,,,,55.54
2020-04-16,,,,,,,,55.18
2020-04-17,,,,,,,,57.52
2020-04-20,,,,,,,,58.99
2020-04-21,,,,,,,,57.32
2020-04-22,,,,,,,,58.2
2020-04-23,,,,,,,,59.1
2020-04-24,,,,,,,,59.81
2020-04-27,,,,,,,,62.99
2020-04-28,,,,,,,,63.2
2020-04-29,,,,,,,,68.49
2020-04-30,,,,,,,,68.73
2020-05-01,,,,,,,,66.03
2020-05-04,,,,,,,,66.23
2020-05-05,,,,,,,,67.92
2020-05-06,,,,,,,,71.68
2020-05-07,,,,,,,,71.09
2020-05-08,,,,,,,,72.24
2020-05-11,,,,,,,,73.3
2020-05-12,,,,,,,,72.62
2020-05-13,,,,,,,,71.98
2020-05-14,,,,,,,,69.99
2020-05-15,,,,,,,,72.94
2020-05-18,,,,,,,,76.16
2020-05-19,,,,,,,,76.72
2020-05-20,,,,,,,,78.82
2020-05-21,,,,,,,,78.22
2020-05-22,,,,,,,,78.34
2020-05-26,,,,,,,,77.48
2020-05-27,,,,,,,,73.71
2020-05-28,,,,,,,,76.29
2020-05-29,,,,,,,,77.73
2020-06-01,,,,,,,,77.06
2020-06-02,,,,,,,,77.32
2020-06-03,,,,,,,,78.75
2020-06-04,,,,,,,,76.96
2020-06-05,,,,,,,,75.82
2020-06-08,,,,,,,,74.82
2020-06-09,,,,,,,,75.03
2020-06-10,,,,,,,,75.03
2020-06-11,,,,,,,,69.57
2020-06-12,,,,,,,,69.84
2020-06-15,,,,,,,,70.42
2020-06-16,,,,,,,,71.48
2020-06-17,,,,,,,,71.55
2020-06-18,,,,,,,,70.93
2020-06-19,,,,,,,,71.41
2020-06-22,,,,,,,,71.56
2020-06-23,,,,,,,,71.69
2020-06-24,,,,,,,,70.36
2020-06-25,,,,,,,,73.0
2020-06-26,,,,,,,,72.89
2020-06-29,,,,,,,,71.98
2020-07-01,,,,,,,,73.4
2020-07-02,,,,,,,,72.98
2020-07-06,,,,,,,,73.33
2020-07-07,,,,,,,,73.88
2020-07-08,,,,,,,,75.71
2020-07-09,,,,,,,,78.16
2020-07-10,,,,,,,,78.02
2020-07-13,,,,,,,,78.58
2020-07-14,,,,,,,,78.41
2020-07-15,,,,,,,,83.12
2020-07-16,,,,,,,,83.47
2020-07-17,,,,,,,,84.85
2020-07-20,,,,,,,,85.96
2020-07-21,,,,,,,,85.94
2020-07-22,,,,,,,,85.23
2020-07-23,,,,,,,,84.33
2020-07-24,,,,,,,,81.57
2020-07-27,,,,,,,,82.98
2020-07-28,,,,,,,,81.57
2020-07-29,,,,,,,,81.59
2020-07-30,,,,,,,,88.57
2020-07-31,,,,,,,,86.89
2020-08-03,,,,,,,,90.14
2020-08-04,,,,,,,,88.15
2020-08-05,,,,,,,,89.07
2020-08-06,,,,,,,,88.41
2020-08-07,,,,,,,,87.86
2020-08-10,,,,,,,,87.68
2020-08-11,,,,,,,,85.4
2020-08-12,,,,,,,,87.1
2020-08-13,,,,,,,,88.41
2020-08-14,,,,,,,,87.16
2020-08-17,,,,,,,,90.69
2020-08-18,,,,,,,,88.87
2020-08-19,,,,,,,,87.92
2020-08-20,,,,,,,,86.52
2020-08-21,,,,,,,,86.53
2020-08-24,,,,,,,,88.56
2020-08-25,,,,,,,,88.22
2020-08-26,,,,,,,,88.07
2020-08-27,,,,,,,,87.74
2020-08-28,,,,,,,,87.77
2020-08-31,,,,,,,,91.34
2020-09-01,,,,,,,,92.29
2020-09-02,,,,,,,,89.45
2020-09-03,,,,,,,,86.25
2020-09-04,,,,,,,,84.14
2020-09-08,,,,,,,,83.56
2020-09-09,,,,,,,,84.68
2020-09-10,,,,,,,,84.65
2020-09-11,,,,,,,,82.72
2020-09-14,,,,,,,,83.84
2020-09-15,,,,,,,,84.0
2020-09-16,,,,,,,,84.33
2020-09-17,,,,,,,,83.88
2020-09-18,,,,,,,,84.84
2020-09-21,,,,,,,,83.75
2020-09-22,,,,,,,,85.16
2020-09-23,,,,,,,,84.23
2020-09-24,,,,,,,,81.18
2020-09-25,,,,,,,,81.24
2020-09-28,,,,,,,,84.07
2020-09-29,,,,,,,,85.29
2020-09-30,,,,,,,,85.82
2020-10-01,,,,,,,,86.22
2020-10-02,,,,,,,,85.99
2020-10-05,,,,,,,,88.84
2020-10-06,,,,,,,,89.64
2020-10-07,,,,,,,,91.06
2020-10-08,,,,,,,,92.53
2020-10-09,,,,,,,,94.1
2020-10-12,,,,,,,,94.91
2020-10-13,,,,,,,,94.89
2020-10-14,,,,,,,,93.5
2020-10-15,,,,,,,,92.17
2020-10-16,,,,,,,,92.96
2020-10-19,,,,,,,,91.62
2020-10-20,,,,,,,,92.82
2020-10-21,,,,,,,,92.96
2020-10-22,,,,,,,,92.83
2020-10-23,,,,,,,,93.28
2020-10-26,,,,,,,,91.63
2020-10-27,,,,,,,,91.93
2020-10-28,,,,,,,,89.39
2020-10-29,,,,,,,,88.84
2020-10-30,,,,,,,,87.77
2020-11-02,,,,,,,,88.57
2020-11-03,,,,,,,,95.27
2020-11-04,,,,,,,,101.16
2020-11-05,,,,,,,,102.48
2020-11-06,,,,,,,,103.43
2020-11-09,,,,,,,,103.26
2020-11-10,,,,,,,,99.71
2020-11-11,,,,,,,,101.52
2020-11-12,,,,,,,,102.55
2020-11-13,,,,,,,,104.44
2020-11-16,,,,,,,,105.16
2020-11-17,,,,,,,,104.66
2020-11-18,,,,,,,,103.82
2020-11-19,,,,,,,,103.88
2020-11-20,,,,,,,,103.82
2020-11-23,,,,,,,,100.07
2020-11-24,,,,,,,,96.29
2020-11-25,,,,,,,,94.03
2020-11-27,,,,,,,,96.55
2020-11-30,,,,,,,,96.67
2020-12-01,,,,,,,,95.81
2020-12-02,,,,,,,,94.03
2020-12-03,,,,,,,,92.88
2020-12-04,,,,,,,,94.79
2020-12-07,,,,,,,,93.43
2020-12-08,,,,,,,,94.32
2020-12-09,,,,,,,,92.76
2020-12-10,,,,,,,,95.51
2020-12-11,,,,,,,,94.7
2020-12-14,,,,,,,,97.67
2020-12-15,,,,,,,,99.58
2020-12-16,,,,,,,,100.43
2020-12-17,,,,,,,,102.43
2020-12-18,,,,,,,,104.76
2020-12-21,,,,,,,,102.6
2020-12-22,,,,,,,,104.77
2020-12-23,,,,,,,,104.63
2020-12-24,,,,,,,,105.34
2020-12-28,,,,,,,,103.68
2020-12-29,,,,,,,,102.37
2020-12-30,,,,,,,,103.19
2020-12-31,,,,,,,,103.97
2021-01-04,,,,,,,,103.94
2021-01-05,,,,,,,,104.32
2021-01-06,,,,,,,,106.14
2021-01-07,,,,,,,,107.5
2021-01-08,,,,,,,,111.61
2021-01-11,,,,,,,,114.7
2021-01-12,,,,,,,,116.12
2021-01-13,,,,,,,,115.66
2021-01-14,,,,,,,,115.13
2021-01-15,,,,,,,,114.97
2021-01-19,,,,,,,,118.46
2021-01-20,,,,,,,,119.39
2021-01-21,,,,,,,,118.71
2021-01-22,,,,,,,,117.03
2021-01-25,,,,,,,,115.67
2021-01-26,,,,,,,,114.38
2021-01-27,,,,,,,,109.86
2021-01-28,,,,,,,,114.22
2021-01-29,,,,,,,,114.97
2021-02-01,,,,,,,,118.02
2021-02-02,,,,,,,,119.82
2021-02-03,,,,,,,,114.71
2021-02-04,,,,,,,,113.52
2021-02-05,,,,,,,,113.38
2021-02-08,,,,,,,,113.5
2021-02-09,,,,,,,,114.81
2021-02-10,,,,,,,,118.32
2021-02-11,,,,,,,,123.08
2021-02-12,,,,,,,,124.8
2021-02-16,,,,,,,,124.42
2021-02-17,,,,,,,,120.79
2021-02-18,,,,,,,,118.31
2021-02-19,,,,,,,,118.58
2021-02-22,,,,,,,,115.38
2021-02-23,,,,,,,,111.79
2021-02-24,,,,,,,,114.51
2021-02-25,,,,,,,,112.69
2021-02-26,,,,,,,,113.58
2021-03-01,,,,,,,,116.08
2021-03-02,,,,,,,,113.95
2021-03-03,,,,,,,,109.54
2021-03-04,,,,,,,,104.45
2021-03-05,,,,,,,,102.12
2021-03-08,,,,,,,,102.78
2021-03-09,,,,,,,,104.4
2021-03-10,,,,,,,,104.12
2021-03-11,,,,,,,,105.67
2021-03-12,,,,,,,,105.34
2021-03-15,,,,,,,,106.21
2021-03-16,,,,,,,,104.25
2021-03-17,,,,,,,,105.51
2021-03-18,,,,,,,,104.27
2021-03-19,,,,,,,,106.02
2021-03-22,,,,,,,,109.52
2021-03-23,,,,,,,,108.15
2021-03-24,,,,,,,,104.44
2021-03-25,,,,,,,,101.64
2021-03-26,,,,,,,,102.64
2021-03-29,,,,,,,,102.2
2021-03-30,,,,,,,,103.3
2021-03-31,,,,,,,,105.44
2021-04-01,,,,,,,,106.22
2021-04-05,,,,,,,,105.9
2021-04-06,,,,,,,,107.03
2021-04-07,,,,,,,,106.07
2021-04-08,,,,,,,,107.51
2021-04-09,,,,,,,,108.32
2021-04-12,,,,,,,,109.11
2021-04-13,,,,,,,,107.91
2021-04-14,,,,,,,,110.01
2021-04-15,,,,,,,,110.89
2021-04-16,,,,,,,,110.64
2021-04-19,,,,,,,,108.65
2021-04-20,,,,,,,,108.75
2021-04-21,,,,,,,,110.72
2021-04-22,,,,,,,,113.02
2021-04-23,,,,,,,,114.19
2021-04-26,,,,,,,,115.39
2021-04-27,,,,,,,,113.62
2021-04-28,,,,,,,,113.1
2021-04-29,,,,,,,,113.39
2021-04-30,,,,,,,,112.91
2021-05-03,,,,,,,,111.96
2021-05-04,,,,,,,,103.63
2021-05-05,,,,,,,,105.33
2021-05-06,,,,,,,,105.33
2021-05-07,,,,,,,,107.64
2021-05-10,,,,,,,,104.99
2021-05-11,,,,,,,,103.81
2021-05-12,,,,,,,,102.34
2021-05-13,,,,,,,,100.73
2021-05-14,,,,,,,,102.65
2021-05-17,,,,,,,,102.33
2021-05-18,,,,,,,,101.28
2021-05-19,,,,,,,,99.81
2021-05-20,,,,,,,,103.03
2021-05-21,,,,,,,,102.59
2021-05-24,,,,,,,,102.67
2021-05-25,,,,,,,,103.48
2021-05-26,,,,,,,,104.4
2021-05-27,,,,,,,,105.06
2021-05-28,,,,,,,,105.54
2021-06-01,,,,,,,,102.47
2021-06-02,,,,,,,,101.14
2021-06-03,,,,,,,,100.48
2021-06-04,,,,,,,,101.38
2021-06-07,,,,,,,,103.6
2021-06-08,,,,,,,,103.93
2021-06-09,,,,,,,,106.86
2021-06-10,,,,,,,,108.65
2021-06-11,,,,,,,,108.34
2021-06-14,,,,,,,,109.36
2021-06-15,,,,,,,,108.85
2021-06-16,,,,,,,,108.28
2021-06-17,,,,,,,,109.91
2021-06-18,,,,,,,,108.9
2021-06-21,,,,,,,,109.36
2021-06-22,,,,,,,,109.8
2021-06-23,,,,,,,,109.8
2021-06-24,,,,,,,,109.51
2021-06-25,,,,,,,,109.32
2021-06-28,,,,,,,,109.33
2021-06-29,,,,,,,,109.47
2021-06-30,,,,,,,,108.21
2021-07-01,,,,,,,,109.88
2021-07-02,,,,,,,,110.91
2021-07-06,,,,,,,,112.76
2021-07-07,,,,,,,,114.08
2021-07-08,,,,,,,,112.74
2021-07-09,,,,,,,,113.07
2021-07-12,,,,,,,,113.5
2021-07-13,,,,,,,,113.77
2021-07-14,,,,,,,,111.75
2021-07-15,,,,,,,,109.7
2021-07-16,,,,,,,,109.68
2021-07-19,,,,,,,,110.16
2021-07-20,,,,,,,,112.39
2021-07-21,,,,,,,,113.06
2021-07-22,,,,,,,,114.92
2021-07-23,,,,,,,,116.26
2021-07-26,,,,,,,,113.27
2021-07-27,,,,,,,,113.27
2021-07-28,,,,,,,,116.27
2021-07-29,,,,,,,,119.4
2021-07-30,,,,,,,,120.32
2021-08-02,,,,,,,,119.93
2021-08-03,,,,,,,,121.53
2021-08-04,,,,,,,,123.19
2021-08-05,,,,,,,,122.27
2021-08-06,,,,,,,,120.53
2021-08-09,,,,,,,,121.53
2021-08-10,,,,,,,,119.96
2021-08-11,,,,,,,,117.98
2021-08-12,,,,,,,,119.88
2021-08-13,,,,,,,,120.32
2021-08-16,,,,,,,,121.02
2021-08-17,,,,,,,,120.07
2021-08-18,,,,,,,,121.09
2021-08-19,,,,,,,,121.31
2021-08-20,,,,,,,,122.97
2021-08-23,,,,,,,,124.82
2021-08-24,,,,,,,,125.95
2021-08-25,,,,,,,,128.9
2021-08-26,,,,,,,,129.93
2021-08-27,,,,,,,,130.63
2021-08-30,,,,,,,,130.44
2021-08-31,,,,,,,,130.53
2021-09-01,,,,,,,,132.52
2021-09-02,,,,,,,,138.03
2021-09-03,,,,,,,,139.65
2021-09-07,,,,,,,,140.71
2021-09-08,,,,,,,,141.75
2021-09-09,,,,,,,,141.15
2021-09-10,,,,,,,,138.5
2021-09-13,,,,,,,,135.62
2021-09-14,,,,,,,,137.99
2021-09-15,,,,,,,,138.21
2021-09-16,,,,,,,,138.16
2021-09-17,,,,,,,,136.58
2021-09-20,,,,,,,,135.66
2021-09-21,,,,,,,,136.19
2021-09-22,,,,,,,,137.19
2021-09-23,,,,,,,,140.81
2021-09-24,,,,,,,,141.2
2021-09-27,,,,,,,,136.77
2021-09-28,,,,,,,,133.16
2021-09-29,,,,,,,,134.58
2021-09-30,,,,,,,,133.82
2021-10-01,,,,,,,,130.46
2021-10-04,,,,,,,,129.07
2021-10-05,,,,,,,,130.72
2021-10-06,,,,,,,,129.27
2021-10-07,,,,,,,,132.09
2021-10-08,,,,,,,,130.19
2021-10-11,,,,,,,,129.08
2021-10-12,,,,,,,,128.71
2021-10-13,,,,,,,,128.4
2021-10-14,,,,,,,,129.41
2021-10-15,,,,,,,,129.15
2021-10-18,,,,,,,,129.71
2021-10-19,,,,,,,,133.1
2021-10-20,,,,,,,,132.21
2021-10-21,,,,,,,,132.05
2021-10-22,,,,,,,,132.47
2021-10-25,,,,,,,,131.81
2021-10-26,,,,,,,,132.52
2021-10-27,,,,,,,,133.52
2021-10-28,,,,,,,,135.29
2021-10-29,,,,,,,,137.01
2021-11-01,,,,,,,,139.4
2021-11-02,,,,,,,,136.34
2021-11-03,,,,,,,,135.54
2021-11-04,,,,,,,,130.06
2021-11-05,,,,,,,,121.66
2021-11-08,,,,,,,,123.15
2021-11-09,,,,,,,,124.78
2021-11-10,,,,,,,,124.14
2021-11-11,,,,,,,,124.96
2021-11-12,,,,,,,,127.27
2021-11-15,,,,,,,,128.23
2021-11-16,,,,,,,,131.23
2021-11-18,,,,,,,,129.21
2021-11-19,,,,,,,,127.09
2021-11-22,,,,,,,,128.47
2021-11-23,,,,,,,,127.52
2021-11-24,,,,,,,,129.1
2021-11-26,,,,,,,,133.22
2021-11-29,,,,,,,,134.43
2021-11-30,,,,,,,,130.12
2021-12-01,,,,,,,,128.73
2021-12-02,,,,,,,,127.1
2021-12-03,,,,,,,,122.09
2021-12-06,,,,,,,,120.46
2021-12-07,,,,,,,,123.79
2021-12-08,,,,,,,,126.74
2021-12-09,,,,,,,,124.82
2021-12-10,,,,,,,,122.02
2021-12-13,,,,,,,,124.14
2021-12-14,,,,,,,,122.13
2021-12-15,,,,,,,,125.34
2021-12-16,,,,,,,,127.79
2021-12-17,,,,,,,,126.41
2021-12-20,,,,,,,,117.97
2021-12-21,,,,,,,,123.66
2021-12-22,,,,,,,,124.42
2021-12-23,,,,,,,,124.69
2021-12-27,,,,,,,,126.26
2021-12-28,,,,,,,,125.57
2021-12-29,,,,,,,,127.46
2021-12-30,,,,,,,,128.95
2021-12-31,,,,,,,,128.34
2022-01-03,,,,,,,,124.64
2022-01-04,,,,,,,,119.44
2022-01-05,,,,,,,,116.93
2022-01-06,,,,,,,,116.79
2022-01-07,,,,,,,,116.5
2022-01-10,,,,,,,,117.42
2022-01-11,,,,,,,,117.19
2022-01-12,,,,,,,,115.71
2022-01-13,,,,,,,,110.93
2022-01-14,,,,,,,,107.95
2022-01-18,,,,,,,,105.15
2022-01-19,,,,,,,,103.8
2022-01-20,,,,,,,,103.6
2022-01-21,,,,,,,,102.19
2022-01-24,,,,,,,,100.05
2022-01-25,,,,,,,,100.57
2022-01-26,,,,,,,,100.07
2022-01-27,,,,,,,,97.65
2022-01-28,,,,,,,,98.13
2022-01-31,,,,,,,,103.08
2022-02-01,,,,,,,,107.98
2022-02-02,,,,,,,,106.63
2022-02-03,,,,,,,,103.59
2022-02-04,,,,,,,,102.64
2022-02-07,,,,,,,,103.43
2022-02-08,,,,,,,,100.98
2022-02-09,,,,,,,,103.27
2022-02-10,,,,,,,,102.2
2022-02-11,,,,,,,,99.93
2022-02-14,,,,,,,,98.97
2022-02-15,,,,,,,,99.47
2022-02-16,,,,,,,,99.04
2022-02-17,,,,,,,,98.4
2022-02-18,,,,,,,,98.73
2022-02-22,,,,,,,,97.92
2022-02-23,,,,,,,,95.76
2022-02-24,,,,,,,,97.0
2022-02-25,,,,,,,,100.97
2022-02-28,,,,,,,,101.65
2022-03-01,,,,,,,,102.06
2022-03-02,,,,,,,,102.95
2022-03-03,,,,,,,,101.83
2022-03-04,,,,,,,,100.27
2022-03-07,,,,,,,,98.53
2022-03-08,,,,,,,,95.26
2022-03-09,,,,,,,,98.18
2022-03-10,,,,,,,,97.81
2022-03-11,,,,,,,,96.85
2022-03-14,,,,,,,,96.75
2022-03-15,,,,,,,,96.29
2022-03-16,,,,,,,,101.9
2022-03-17,,,,,,,,105.45
2022-03-18,,,,,,,,109.37
2022-03-21,,,,,,,,107.8
2022-03-22,,,,,,,,107.97
2022-03-23,,,,,,,,105.31
2022-03-24,,,,,,,,107.04
2022-03-25,,,,,,,,106.74
2022-03-28,,,,,,,,107.16
2022-03-29,,,,,,,,110.64
2022-03-30,,,,,,,,110.96
2022-03-31,,,,,,,,111.95
2022-04-01,,,,,,,,113.41
2022-04-04,,,,,,,,113.25
2022-04-05,,,,,,,,113.15
2022-04-06,,,,,,,,109.87
2022-04-07,,,,,,,,112.63
2022-04-08,,,,,,,,111.27
2022-04-11,,,,,,,,107.63
2022-04-12,,,,,,,,102.47
2022-04-13,,,,,,,,100.95
2022-04-14,,,,,,,,97.8
2022-04-18,,,,,,,,95.11
2022-04-19,,,,,,,,94.42
2022-04-20,,,,,,,,95.24
2022-04-21,,,,,,,,93.35
2022-04-22,,,,,,,,91.1
2022-04-25,,,,,,,,89.75
2022-04-26,,,,,,,,87.53
2022-04-27,,,,,,,,88.5
2022-04-28,,,,,,,,88.78
2022-04-29,,,,,,,,91.29
2022-05-02,,,,,,,,89.58
2022-05-03,,,,,,,,100.56
2022-05-04,,,,,,,,101.68
2022-05-05,,,,,,,,100.72
2022-05-06,,,,,,,,98.82
2022-05-09,,,,,,,,94.05
2022-05-10,,,,,,,,94.21
2022-05-11,,,,,,,,93.82
2022-05-12,,,,,,,,93.83
2022-05-13,,,,,,,,98.32
2022-05-16,,,,,,,,97.93
2022-05-17,,,,,,,,100.19
2022-05-18,,,,,,,,98.57
2022-05-19,,,,,,,,99.84
2022-05-20,,,,,,,,99.16
2022-05-23,,,,,,,,98.35
2022-05-24,,,,,,,,96.76
2022-05-25,,,,,,,,96.7
2022-05-26,,,,,,,,100.12
2022-05-27,,,,,,,,104.34
2022-05-31,,,,,,,,102.84
2022-06-01,,,,,,,,103.89
2022-06-02,,,,,,,,109.03
2022-06-03,,,,,,,,110.4
2022-06-06,,,,,,,,111.33
2022-06-07,,,,,,,,112.64
2022-06-08,,,,,,,,111.06
2022-06-09,,,,,,,,110.04
2022-06-10,,,,,,,,107.08
2022-06-13,,,,,,,,102.85
2022-06-14,,,,,,,,103.87
2022-06-15,,,,,,,,105.19
2022-06-16,,,,,,,,101.02
2022-06-17,,,,,,,,102.45
2022-06-21,,,,,,,,104.19
2022-06-22,,,,,,,,104.96
2022-06-23,,,,,,,,108.49
2022-06-24,,,,,,,,109.35
2022-06-27,,,,,,,,110.82
2022-06-28,,,,,,,,108.06
2022-06-29,,,,,,,,105.49
2022-06-30,,,,,,,,106.88
2022-07-01,,,,,,,,107.11
2022-07-05,,,,,,,,104.83
2022-07-06,,,,,,,,108.5
2022-07-07,,,,,,,,110.71
2022-07-08,,,,,,,,111.71
2022-07-11,,,,,,,,111.22
2022-07-12,,,,,,,,105.79
2022-07-13,,,,,,,,103.96
2022-07-14,,,,,,,,100.26
2022-07-15,,,,,,,,102.41
2022-07-18,,,,,,,,101.08
2022-07-19,,,,,,,,102.24
2022-07-20,,,,,,,,104.35
2022-07-21,,,,,,,,109.51
2022-07-22,,,,,,,,107.84
2022-07-25,,,,,,,,107.47
2022-07-26,,,,,,,,107.13
2022-07-27,,,,,,,,108.69
2022-07-28,,,,,,,,111.01
2022-07-29,,,,,,,,113.55
2022-08-01,,,,,,,,112.67
2022-08-02,,,,,,,,112.12
2022-08-03,,,,,,,,108.81
2022-08-04,,,,,,,,108.88
2022-08-05,,,,,,,,109.9
2022-08-08,,,,,,,,109.91
2022-08-09,,,,,,,,108.77
2022-08-10,,,,,,,,111.68
2022-08-11,,,,,,,,112.04
2022-08-12,,,,,,,,109.88
2022-08-15,,,,,,,,110.43
2022-08-16,,,,,,,,108.65
2022-08-17,,,,,,,,108.17
2022-08-18,,,,,,,,106.72
2022-08-19,,,,,,,,105.55
2022-08-22,,,,,,,,102.58
2022-08-23,,,,,,,,102.06
2022-08-24,,,,,,,,102.63
2022-08-25,,,,,,,,103.26
2022-08-26,,,,,,,,101.24
2022-08-29,,,,,,,,92.89
2022-08-30,,,,,,,,89.78
2022-08-31,,,,,,,,88.27
2022-09-01,,,,,,,,87.75
2022-09-02,,,,,,,,87.85
2022-09-06,,,,,,,,88.96
2022-09-07,,,,,,,,91.13
2022-09-08,,,,,,,,92.67
2022-09-09,,,,,,,,95.22
2022-09-12,,,,,,,,96.36
2022-09-13,,,,,,,,92.4
2022-09-14,,,,,,,,92.33
2022-09-15,,,,,,,,89.89
2022-09-16,,,,,,,,89.98
2022-09-19,,,,,,,,88.49
2022-09-20,,,,,,,,87.64
2022-09-21,,,,,,,,84.96
2022-09-22,,,,,,,,79.96
2022-09-23,,,,,,,,75.9
2022-09-26,,,,,,,,74.9
2022-09-27,,,,,,,,73.44
2022-09-28,,,,,,,,75.56
2022-09-29,,,,,,,,73.77
2022-09-30,,,,,,,,73.36
2022-10-03,,,,,,,,75.72
2022-10-04,,,,,,,,79.4
2022-10-05,,,,,,,,80.45
2022-10-06,,,,,,,,78.97
2022-10-07,,,,,,,,77.45
2022-10-10,,,,,,,,75.28
2022-10-11,,,,,,,,73.24
2022-10-12,,,,,,,,73.22
2022-10-13,,,,,,,,73.22
2022-10-14,,,,,,,,72.62
2022-10-17,,,,,,,,74.25
2022-10-18,,,,,,,,75.78
2022-10-19,,,,,,,,70.87
2022-10-20,,,,,,,,69.19
2022-10-21,,,,,,,,67.27
2022-10-24,,,,,,,,68.27
2022-10-25,,,,,,,,71.42
2022-10-26,,,,,,,,72.41
2022-10-27,,,,,,,,67.93
2022-10-28,,,,,,,,66.36
2022-10-31,,,,,,,,65.54
2022-11-01,,,,,,,,50.07
2022-11-02,,,,,,,,47.23
2022-11-03,,,,,,,,42.4
2022-11-04,,,,,,,,42.27
2022-11-07,,,,,,,,41.5
2022-11-08,,,,,,,,42.72
2022-11-09,,,,,,,,41.77
2022-11-10,,,,,,,,44.55
2022-11-11,,,,,,,,46.79
2022-11-14,,,,,,,,46.9
2022-11-15,,,,,,,,48.65
2022-11-16,,,,,,,,45.68
2022-11-17,,,,,,,,42.52
2022-11-18,,,,,,,,42.94
2022-11-21,,,,,,,,41.76
2022-11-22,,,,,,,,41.32
2022-11-23,,,,,,,,42.09
2022-11-25,,,,,,,,41.62
2022-11-28,,,,,,,,45.13
2022-11-29,,,,,,,,47.99
2022-11-30,,,,,,,,49.17
2022-12-01,,,,,,,,51.91
2022-12-02,,,,,,,,52.35
2022-12-05,,,,,,,,50.83
2022-12-06,,,,,,,,48.89
2022-12-07,,,,,,,,47.09
2022-12-08,,,,,,,,45.7
2022-12-09,,,,,,,,45.33
2022-12-12,,,,,,,,45.48
2022-12-13,,,,,,,,47.09
2022-12-14,,,,,,,,46.5
2022-12-15,,,,,,,,45.46
2022-12-16,,,,,,,,44.34
2022-12-19,,,,,,,,43.31
2022-12-20,,,,,,,,44.24
2022-12-21,,,,,,,,43.78
2022-12-22,,,,,,,,42.44
2022-12-23,,,,,,,,43.07
2022-12-27,,,,,,,,43.17
2022-12-28,,,,,,,,43.22
2022-12-29,,,,,,,,45.08
2022-12-30,,,,,,,,44.92
2023-01-03,,,,,,,,45.22
2023-01-04,,,,,,,,46.45
2023-01-05,,,,,,,,46.12
2023-01-06,,,,,,,,46.81
2023-01-09,,,,,,,,48.43
2023-01-10,,,,,,,,48.19
2023-01-11,,,,,,,,49.28
2023-01-12,,,,,,,,49.12
2023-01-13,,,,,,,,48.89
2023-01-17,,,,,,,,48.24
2023-01-18,,,,,,,,48.65
2023-01-19,,,,,,,,48.84
2023-01-20,,,,,,,,49.29
2023-01-23,,,,,,,,51.49
2023-01-24,,,,,,,,50.41
2023-01-25,,,,,,,,49.48
2023-01-26,,,,,,,,51.73
2023-01-27,,,,,,,,53.19
2023-01-30,,,,,,,,53.12
2023-01-31,,,,,,,,53.07
2023-02-01,,,,,,,,53.53
2023-02-02,,,,,,,,56.79
2023-02-03,,,,,,,,56.4
2023-02-06,,,,,,,,68.27
2023-02-07,,,,,,,,70.56
2023-02-08,,,,,,,,71.19
2023-02-09,,,,,,,,71.99
2023-02-10,,,,,,,,70.88
2023-02-13,,,,,,,,70.25
2023-02-14,,,,,,,,69.93
2023-02-15,,,,,,,,69.25
2023-02-16,,,,,,,,70.95
2023-02-17,,,,,,,,71.33
2023-02-21,,,,,,,,69.01
2023-02-22,,,,,,,,67.48
2023-02-23,,,,,,,,67.62
2023-02-24,,,,,,,,67.82
2023-02-27,,,,,,,,67.85
2023-02-28,,,,,,,,68.2
2023-03-01,,,,,,,,68.91
2023-03-02,,,,,,,,70.14
2023-03-03,,,,,,,,73.68
2023-03-06,,,,,,,,72.58
2023-03-07,,,,,,,,68.75
2023-03-08,,,,,,,,69.67
2023-03-09,,,,,,,,70.57
2023-03-10,,,,,,,,68.2
2023-03-13,,,,,,,,65.84
2023-03-14,,,,,,,,69.67
2023-03-15,,,,,,,,69.61
2023-03-16,,,,,,,,70.41
2023-03-17,,,,,,,,67.46
2023-03-20,,,,,,,,66.47
2023-03-21,,,,,,,,67.2
2023-03-22,,,,,,,,65.49
2023-03-23,,,,,,,,63.4
2023-03-24,,,,,,,,63.42
2023-03-27,,,,,,,,67.51
2023-03-28,,,,,,,,66.06
2023-03-29,,,,,,,,66.58
2023-03-30,,,,,,,,65.08
2023-03-31,,,,,,,,65.57
2023-04-03,,,,,,,,63.2
2023-04-04,,,,,,,,62.74
2023-04-05,,,,,,,,61.68
2023-04-06,,,,,,,,64.38
2023-04-10,,,,,,,,66.22
2023-04-11,,,,,,,,65.61
2023-04-12,,,,,,,,64.11
2023-04-13,,,,,,,,63.39
2023-04-14,,,,,,,,47.07
2023-04-17,,,,,,,,46.02
2023-04-18,,,,,,,,42.53
2023-04-19,,,,,,,,42.99
2023-04-20,,,,,,,,43.52
2023-04-21,,,,,,,,45.23
2023-04-24,,,,,,,,44.97
2023-04-25,,,,,,,,43.14
2023-04-26,,,,,,,,43.16
2023-04-27,,,,,,,,46.04
2023-04-28,,,,,,,,49.72
2023-05-01,,,,,,,,50.06
2023-05-02,,,,,,,,48.93
2023-05-03,,,,,,,,49.13
2023-05-04,,,,,,,,49.42
2023-05-05,,,,,,,,47.92
2023-05-08,,,,,,,,35.42
2023-05-09,,,,,,,,35.34
2023-05-10,,,,,,,,33.88
2023-05-11,,,,,,,,33.85
2023-05-12,,,,,,,,32.72
2023-05-15,,,,,,,,32.71
2023-05-16,,,,,,,,32.03
2023-05-17,,,,,,,,32.33
2023-05-18,,,,,,,,32.05
2023-05-19,,,,,,,,36.65
2023-05-22,,,,,,,,37.85
2023-05-23,,,,,,,,38.41
2023-05-24,,,,,,,,37.0
2023-05-25,,,,,,,,36.83
2023-05-26,,,,,,,,37.07
2023-05-30,,,,,,,,36.63
2023-05-31,,,,,,,,37.17
2023-06-01,,,,,,,,36.99
2023-06-02,,,,,,,,37.59
2023-06-05,,,,,,,,37.64
2023-06-06,,,,,,,,38.62
2023-06-07,,,,,,,,39.45
2023-06-08,,,,,,,,38.3
2023-06-09,,,,,,,,39.01
2023-06-12,,,,,,,,42.81
2023-06-13,,,,,,,,43.95
2023-06-14,,,,,,,,42.37
2023-06-15,,,,,,,,43.46
2023-06-16,,,,,,,,44.17
2023-06-20,,,,,,,,43.74
2023-06-21,,,,,,,,43.49
2023-06-22,,,,,,,,44.07
2023-06-23,,,,,,,,44.03
2023-06-26,,,,,,,,44.03
2023-06-27,,,,,,,,42.28
2023-06-28,,,,,,,,40.23
2023-06-29,,,,,,,,42.31
2023-06-30,,,,,,,,43.35
2023-07-03,,,,,,,,44.12
2023-07-05,,,,,,,,44.63
2023-07-06,,,,,,,,44.27
2023-07-07,,,,,,,,44.67
2023-07-10,,,,,,,,45.44
2023-07-11,,,,,,,,45.76
2023-07-12,,,,,,,,46.17
2023-07-13,,,,,,,,46.26
2023-07-14,,,,,,,,46.65
2023-07-17,,,,,,,,46.41
2023-07-18,,,,,,,,45.81
2023-07-19,,,,,,,,46.17
2023-07-20,,,,,,,,47.81
2023-07-21,,,,,,,,47.29
2023-07-24,,,,,,,,48.19
2023-07-25,,,,,,,,48.44
2023-07-26,,,,,,,,48.68
2023-07-27,,,,,,,,48.05
2023-07-28,,,,,,,,48.17
2023-07-31,,,,,,,,48.46
2023-08-02,,,,,,,,46.68
2023-08-03,,,,,,,,46.13
2023-08-04,,,,,,,,46.17
2023-08-07,,,,,,,,45.38
2023-08-08,,,,,,,,46.87
2023-08-09,,,,,,,,45.72
2023-08-10,,,,,,,,46.11
2023-08-11,,,,,,,,46.03
2023-08-14,,,,,,,,45.16
2023-08-15,,,,,,,,45.36
2023-08-16,,,,,,,,45.09
2023-08-17,,,,,,,,44.6
2023-08-18,,,,,,,,43.67
2023-08-21,,,,,,,,45.2
2023-08-22,,,,,,,,44.61
2023-08-23,,,,,,,,45.05
2023-08-24,,,,,,,,44.41
2023-08-25,,,,,,,,44.39
2023-08-28,,,,,,,,45.53
2023-08-29,,,,,,,,48.39
2023-08-30,,,,,,,,48.46
2023-08-31,,,,,,,,50.01
2023-09-01,,,,,,,,50.21
2023-09-05,,,,,,,,50.76
2023-09-06,,,,,,,,49.75
2023-09-07,,,,,,,,49.07
2023-09-08,,,,,,,,48.61
2023-09-11,,,,,,,,49.43
2023-09-12,,,,,,,,48.73
2023-09-13,,,,,,,,48.7
2023-09-14,,,,,,,,49.53
2023-09-15,,,,,,,,49.36
2023-09-18,,,,,,,,47.58
2023-09-19,,,,,,,,47.43
2023-09-20,,,,,,,,48.31
2023-09-21,,,,,,,,46.87
2023-09-22,,,,,,,,45.62
2023-09-25,,,,,,,,45.57
2023-09-26,,,,,,,,45.86
2023-09-27,,,,,,,,45.75
2023-09-28,,,,,,,,45.78
2023-09-29,,,,,,,,45.65
2023-10-02,,,,,,,,44.49
2023-10-03,,,,,,,,44.0
2023-10-04,,,,,,,,43.14
2023-10-05,,,,,,,,42.93
2023-10-06,,,,,,,,43.44
2023-10-09,,,,,,,,44.12
2023-10-10,,,,,,,,44.41
2023-10-11,,,,,,,,45.72
2023-10-12,,,,,,,,46.84
2023-10-13,,,,,,,,46.55
2023-10-16,,,,,,,,46.58
2023-10-17,,,,,,,,45.33
2023-10-18,,,,,,,,44.74
2023-10-19,,,,,,,,43.76
2023-10-20,,,,,,,,42.41
2023-10-23,,,,,,,,42.67
2023-10-24,,,,,,,,42.33
2023-10-25,,,,,,,,39.86
2023-10-26,,,,,,,,39.51
2023-10-27,,,,,,,,39.43
2023-10-30,,,,,,,,39.74
2023-10-31,,,,,,,,33.42
2023-11-01,,,,,,,,32.73
2023-11-02,,,,,,,,33.2
2023-11-03,,,,,,,,35.13
2023-11-06,,,,,,,,34.65
2023-11-07,,,,,,,,34.63
2023-11-08,,,,,,,,34.26
2023-11-09,,,,,,,,33.73
2023-11-10,,,,,,,,33.49
2023-11-13,,,,,,,,32.93
2023-11-14,,,,,,,,35.5
2023-11-15,,,,,,,,39.43
2023-11-16,,,,,,,,39.43
2023-11-17,,,,,,,,39.77
2023-11-20,,,,,,,,39.98
2023-11-21,,,,,,,,39.82
2023-11-22,,,,,,,,39.78
2023-11-24,,,,,,,,40.0
2023-11-27,,,,,,,,39.32
2023-11-28,,,,,,,,39.31
2023-11-29,,,,,,,,39.74
2023-11-30,,,,,,,,38.95
2023-12-01,,,,,,,,39.91
2023-12-04,,,,,,,,39.91
2023-12-05,,,,,,,,38.91
2023-12-06,,,,,,,,38.35
2023-12-07,,,,,,,,37.69
2023-12-08,,,,,,,,37.3
2023-12-11,,,,,,,,37.82
2023-12-12,,,,,,,,37.17
2023-12-13,,,,,,,,38.82
2023-12-14,,,,,,,,41.77
2023-12-15,,,,,,,,41.5
2023-12-18,,,,,,,,41.88
2023-12-19,,,,,,,,44.13
2023-12-20,,,,,,,,43.54
2023-12-21,,,,,,,,43.83
2023-12-22,,,,,,,,44.1
2023-12-26,,,,,,,,44.99
2023-12-27,,,,,,,,45.49
2023-12-28,,,,,,,,45.63
2023-12-29,,,,,,,,44.98
2024-01-02,,,,,,,,45.02
2024-01-03,,,,,,,,42.96
2024-01-04,,,,,,,,43.2
2024-01-05,,,,,,,,45.53
2024-01-08,,,,,,,,46.59
2024-01-09,,,,,,,,49.37
2024-01-10,,,,,,,,49.93
2024-01-11,,,,,,,,50.26
2024-01-12,,,,,,,,49.66
2024-01-16,,,,,,,,48.97
2024-01-17,,,,,,,,48.57
2024-01-18,,,,,,,,48.65
2024-01-19,,,,,,,,49.13
2024-01-22,,,,,,,,49.9
2024-01-23,,,,,,,,49.18
2024-01-24,,,,,,,,49.64
2024-01-25,,,,,,,,50.28
2024-01-26,,,,,,,,52.29
2024-01-29,,,,,,,,53.4
2024-01-30,,,,,,,,53.08
2024-01-31,,,,,,,,52.17
2024-02-01,,,,,,,,52.79
2024-02-02,,,,,,,,54.1
2024-02-05,,,,,,,,59.75
2024-02-06,,,,,,,,58.74
2024-02-08,,,,,,,,56.69
2024-02-09,,,,,,,,56.62
2024-02-12,,,,,,,,56.73
2024-02-13,,,,,,,,56.36
2024-02-14,,,,,,,,56.7
2024-02-15,,,,,,,,57.45
2024-02-16,,,,,,,,57.93
2024-02-20,,,,,,,,57.99
2024-02-21,,,,,,,,58.26
2024-02-22,,,,,,,,58.5
2024-02-23,,,,,,,,58.72
2024-02-26,,,,,,,,58.42
2024-02-27,,,,,,,,58.29
2024-02-28,,,,,,,,58.15
2024-02-29,,,,,,,,57.54
2024-03-01,,,,,,,,57.31
2024-03-04,,,,,,,,57.03
2024-03-05,,,,,,,,57.0
2024-03-06,,,,,,,,56.84
2024-03-07,,,,,,,,56.64
2024-03-08,,,,,,,,56.41
2024-03-11,,,,,,,,56.53
2024-03-12,,,,,,,,56.51
2024-03-13,,,,,,,,56.55
2024-03-14,,,,,,,,56.55
2024-03-15,,,,,,,,56.28
2024-03-18,,,,,,,,56.11
2024-03-19,,,,,,,,55.97
2024-03-20,,,,,,,,55.93
2024-03-21,,,,,,,,56.08
2024-03-22,,,,,,,,55.91
2024-03-25,,,,,,,,56.24
2024-03-26,,,,,,,,56.35
2024-03-27,,,,,,,,56.32
2024-03-28,,,,,,,,56.53
2024-04-01,,,,,,,,56.29
2024-04-02,,,,,,,,56.31
2024-04-03,,,,,,,,56.55
2024-04-04,,,,,,,,56.89
2024-04-05,,,,,,,,56.78
2024-04-08,,,,,,,,56.77
2024-04-09,,,,,,,,56.93
2024-04-10,,,,,,,,57.02
2024-04-11,,,,,,,,56.95
2024-04-12,,,,,,,,56.5
2024-04-15,,,,,,,,56.2
2024-04-16,,,,,,,,55.9
2024-04-17,,,,,,,,55.93
2024-04-18,,,,,,,,56.07
2024-04-19,,,,,,,,55.73
2024-04-22,,,,,,,,56.04
2024-04-23,,,,,,,,56.0
2024-04-24,,,,,,,,55.97
2024-04-25,,,,,,,,55.86
2024-04-29,,,,,,,,56.22
2024-04-30,,,,,,,,56.05
2024-05-01,,,,,,,,56.06
2024-05-02,,,,,,,,56.38
2024-05-03,,,,,,,,56.45
2024-05-06,,,,,,,,56.44
2024-05-07,,,,,,,,56.59
2024-05-08,,,,,,,,56.32
2024-05-09,,,,,,,,56.01
2024-05-10,,,,,,,,55.91
2024-05-13,,,,,,,,55.76
2024-05-14,,,,,,,,55.66
2024-05-15,,,,,,,,55.63
2024-05-16,,,,,,,,55.41
2024-05-17,,,,,,,,55.35
2024-05-20,,,,,,,,55.21
2024-05-21,,,,,,,,54.96
2024-05-22,,,,,,,,54.92
2024-05-23,,,,,,,,54.82
2024-05-24,,,,,,,,54.97
2024-05-28,,,,,,,,54.32
2024-05-29,,,,,,,,53.84
2024-05-30,,,,,,,,53.69
2024-05-31,,,,,,,,53.85
2024-06-03,,,,,,,,54.18
2024-06-04,,,,,,,,54.66
2024-06-05,,,,,,,,55.14
2024-06-06,,,,,,,,56.05
2024-06-07,,,,,,,,56.38
2024-06-10,,,,,,,,56.22
2024-06-11,,,,,,,,55.97
2024-06-12,,,,,,,,55.92
2024-06-13,,,,,,,,55.92
2024-06-14,,,,,,,,55.49
2024-06-17,,,,,,,,55.22
2024-06-18,,,,,,,,55.12
2024-06-20,,,,,,,,54.84
2024-06-21,,,,,,,,56.6
2024-06-24,,,,,,,,56.6
2024-06-25,,,,,,,,56.18
2024-06-26,,,,,,,,56.03
2024-06-27,,,,,,,,56.35
2024-06-28,,,,,,,,56.24
2024-07-01,,,,,,,,56.29
2024-07-02,,,,,,,,56.1
2024-07-03,,,,,,,,56.5
2024-07-05,,,,,,,,56.67
2024-07-08,,,,,,,,56.97
2024-07-09,,,,,,,,57.27
2024-07-10,,,,,,,,57.36
2024-07-11,,,,,,,,57.83
2024-07-12,,,,,,,,57.66
2024-07-15,,,,,,,,57.89
2024-07-16,,,,,,,,57.94
2024-07-17,,,,,,,,58.09
2024-07-18,,,,,,,,58.05
2024-07-19,,,,,,,,57.94
2024-07-22,,,,,,,,58.11
2024-07-24,,,,,,,,58.38
2024-07-25,,,,,,,,58.46
2024-07-26,,,,,,,,58.63
2024-07-29,,,,,,,,58.89
2024-07-30,,,,,,,,59.03
2024-07-31,,,,,,,,59.35
2024-08-01,,,,,,,,59.66
2024-08-02,,,,,,,,59.53
2024-08-05,,,,,,,,59.12
2024-08-06,,,,,,,,59.58
2024-08-07,,,,,,,,59.65
2024-08-08,,,,,,,,59.72
2024-08-09,,,,,,,,59.7
2024-08-12,,,,,,,,59.7
2024-08-13,,,,,,,,59.71
2024-08-14,,,,,,,,59.41
2024-08-15,,,,,,,,59.62
2024-08-16,,,,,,,,59.59
2024-08-19,,,,,,,,59.39
2024-08-20,,,,,,,,59.45
2024-08-21,,,,,,,,59.24
2024-08-22,,,,,,,,59.31
2024-08-23,,,,,,,,59.39
2024-08-26,,,,,,,,59.32
2024-08-27,,,,,,,,59.42
2024-08-28,,,,,,,,59.73
2024-08-29,,,,,,,,60.62
2024-08-30,,,,,,,,60.81
2024-09-03,,,,,,,,60.68
2024-09-04,,,,,,,,60.66
2024-09-05,,,,,,,,60.48
2024-09-06,,,,,,,,60.08
2024-09-09,,,,,,,,59.94
2024-09-10,,,,,,,,59.81
2024-09-11,,,,,,,,59.73
2024-09-12,,,,,,,,59.69
2024-09-13,,,,,,,,59.66
2024-09-16,,,,,,,,59.98
2024-09-17,,,,,,,,60.35
2024-09-18,,,,,,,,60.33
2024-09-19,,,,,,,,60.19
2024-09-20,,,,,,,,59.97
2024-09-23,,,,,,,,59.75
2024-09-24,,,,,,,,59.99
2024-09-25,,,,,,,,59.98
2024-09-26,,,,,,,,60.16
2024-09-27,,,,,,,,60.28
2024-09-30,,,,,,,,60.39
2024-10-01,,,,,,,,60.32
2024-10-02,,,,,,,,60.45
2024-10-03,,,,,,,,60.57
2024-10-04,,,,,,,,60.57
2024-10-07,,,,,,,,60.58
2024-10-08,,,,,,,,60.73
2024-10-09,,,,,,,,60.9
2024-10-10,,,,,,,,60.63
2024-10-11,,,,,,,,60.55
2024-10-14,,,,,,,,60.62
2024-10-15,,,,,,,,60.62
2024-10-16,,,,,,,,60.44
2024-10-17,,,,,,,,60.09
2024-10-18,,,,,,,,60.17
2024-10-21,,,,,,,,60.25
2024-10-22,,,,,,,,59.94
2024-10-23,,,,,,,,59.45
2024-10-24,,,,,,,,59.51
2024-10-25,,,,,,,,59.13
2024-10-28,,,,,,,,58.93
2024-10-29,,,,,,,,58.73
2024-10-30,,,,,,,,59.01
2024-10-31,,,,,,,,58.72
2024-11-01,,,,,,,,58.73
2024-11-04,,,,,,,,58.96
2024-11-05,,,,,,,,58.51
2024-11-06,,,,,,,,59.89
2024-11-07,,,,,,,,59.97
2024-11-08,,,,,,,,59.57
2024-11-11,,,,,,,,59.6
2024-11-12,,,,,,,,59.37
2024-11-13,,,,,,,,59.29
2024-11-14,,,,,,,,59.19
2024-11-15,,,,,,,,59.12
2024-11-18,,,,,,,,58.81
2024-11-19,,,,,,,,58.81
2024-11-20,,,,,,,,58.93
2024-11-21,,,,,,,,59.62
2024-11-22,,,,,,,,60.82
2024-11-25,,,,,,,,61.17
2024-11-26,,,,,,,,60.94
2024-11-27,,,,,,,,60.94
2024-11-29,,,,,,,,61.08
2024-12-02,,,,,,,,61.3
2024-12-03,,,,,,,,61.75
2024-12-04,,,,,,,,61.82
2024-12-05,,,,,,,,62.03
2024-12-06,,,,,,,,61.92
2024-12-09,,,,,,,,62.23
2024-12-10,,,,,,,,62.3
2024-12-11,,,,,,,,62.87
2024-12-12,,,,,,,,63.11
2024-12-13,,,,,,,,63.08
2024-12-16,,,,,,,,63.48
2024-12-17,,,,,,,,63.48
