trade_date,close,open,high,low,vol,pct_change,vwap
20241231,90.46,91.11,91.4,90.16,1255192,-0.07,90.51
20241230,90.52,90.5,91.06,89.45,1106413,-1.15,90.51
20241227,91.57,91.58,92.63,90.99,1151221,-0.77,91.57
20241226,92.28,92.13,92.66,91.58,835800,-0.08,92.32
20241224,92.35,91.52,92.57,91.26,589482,0.61,92.19
20241223,91.79,91.95,92.31,90.88,1570928,-0.53,91.59
20241220,92.28,90.89,93.79,90.41,5007934,1.12,92.25
20241219,91.26,94.01,94.72,91.19,3183225,-1.73,91.94
20241218,92.87,97.57,97.67,92.8,2768472,-4.8,94.84
20241217,97.55,99.06,99.67,97.28,3034363,-2.3,97.96
20241216,99.85,101.1,101.12,99.75,1936300,-1.24,100.06
20241213,101.1,101.33,102.05,100.73,1440375,-0.32,101.14
20241212,101.42,101.68,102.04,101.02,1217196,-0.26,101.52
20241211,101.68,102.87,102.98,101.32,1746346,-0.16,101.72
20241210,101.84,102.39,103.17,100.88,1397450,-0.68,101.92
20241209,102.54,102.92,103.2,101.44,2296560,0.25,102.44
20241206,102.28,103.5,103.58,102.16,1553443,-0.66,102.48
20241205,102.96,103.87,104.18,102.61,1617228,-0.95,103.03
20241204,103.95,104.33,104.73,103.61,1570386,-0.28,104.02
20241203,104.24,105.2,105.65,103.77,1541654,-0.84,104.33
20241202,105.12,104.75,105.37,104.03,1705738,0.91,104.94
20241129,104.17,104.05,104.56,103.59,907090,0.12,104.21
20241127,104.05,104.68,105.18,103.57,1151224,-0.66,104.04
20241126,104.74,104.96,105.18,104.24,1391650,-0.58,104.75
20241125,105.35,104.71,106.03,104.56,2939021,1.3,105.25
20241122,104.0,103.35,104.96,102.56,2127349,0.93,104.31
20241121,103.04,103.33,103.87,102.41,2151156,-0.07,103.25
20241120,103.11,102.78,103.19,101.5,1983490,0.71,102.62
20241119,102.38,99.98,102.44,99.84,1974276,0.72,101.74
20241118,101.65,101.7,102.46,101.21,1821349,-0.76,101.7
20241115,102.43,102.69,103.67,102.05,1930618,-0.54,102.47
20241114,102.99,104.12,104.79,102.79,1562120,-1.3,103.31
20241113,104.35,104.39,105.19,104.15,1717029,0.12,104.66
20241112,104.23,104.72,105.63,104.04,1686162,-0.54,104.49
20241111,104.8,103.41,105.33,102.63,2746307,2.13,104.5
20241108,102.61,102.97,103.89,102.43,3033455,-0.89,102.83
20241107,103.53,102.93,103.96,102.54,1972971,0.53,103.41
20241106,102.98,102.0,103.25,101.0,3713997,5.4,102.69
20241105,97.7,94.81,97.79,94.64,2081029,3.27,97.27
20241104,94.61,94.0,96.21,93.8,2520049,0.68,94.85
20241101,93.97,94.0,97.82,93.5,3880828,-2.11,95.16
20241031,96.0,96.49,97.4,95.95,3287719,-1.32,96.38
20241030,97.28,97.03,97.82,96.74,1659518,0.02,97.22
20241029,97.26,96.54,97.78,95.86,1423759,0.15,97.18
20241028,97.11,97.01,98.05,96.59,2803236,1.03,97.39
20241025,96.12,96.9,97.26,95.67,1904128,0.2,96.32
20241024,95.93,96.68,96.68,95.44,1837133,-0.48,96.04
20241023,96.39,97.64,98.04,95.98,2985388,-2.1,96.69
20241022,98.46,99.58,100.03,98.45,1607915,-1.57,98.79
20241021,100.03,100.49,101.08,99.74,1842377,-0.37,100.14
20241018,100.4,101.45,101.45,100.07,1501927,-0.62,100.57
20241017,101.03,100.96,101.9,100.96,1257469,0.64,101.23
20241016,100.39,100.51,101.01,100.22,1556554,-0.28,100.53
20241015,100.67,102.5,102.74,100.51,1920372,-1.73,101.45
20241014,102.44,101.14,102.68,100.78,1360918,1.67,102.28
20241011,100.76,98.52,100.87,98.52,2252008,2.23,100.03
20241010,98.56,99.01,99.77,98.33,1825832,-0.87,98.7
20241009,99.43,98.87,99.76,98.23,1349043,0.57,99.35
20241008,98.87,100.31,100.31,97.66,2040442,-1.15,98.74
20241007,100.02,100.24,101.41,99.57,2465250,-1.1,100.33
20241004,101.13,100.0,101.16,99.19,2268100,2.22,100.46
20241003,98.93,99.45,99.77,98.18,2118805,-1.01,98.89
20241002,99.94,97.5,100.74,97.2,3392293,1.98,99.89
20241001,98.0,98.35,98.68,96.83,2761614,-0.16,97.88
20240930,98.16,97.64,98.28,96.91,3246170,0.08,97.78
20240927,98.08,96.59,99.15,96.24,3873098,1.73,98.05
20240926,96.41,96.87,97.54,95.02,2758248,1.45,96.09
20240925,95.03,98.46,98.46,94.51,3078099,-3.04,95.61
20240924,98.01,98.2,99.57,97.59,1775310,0.53,98.17
20240923,97.49,97.34,98.26,96.84,1475115,0.74,97.45
20240920,96.77,97.11,98.0,95.99,3738434,-0.9,97.02
20240919,97.65,96.0,97.72,94.88,2242052,4.17,96.95
20240918,93.74,94.18,95.93,93.24,2198883,-0.24,94.27
20240917,93.97,91.68,94.04,91.18,2155234,3.33,93.4
20240916,90.94,91.81,92.17,90.54,2293803,-0.1,91.15
20240913,91.03,90.28,91.82,89.51,2522277,1.3,91.16
20240912,89.86,89.75,90.72,88.11,2464363,0.26,89.44
20240911,89.63,87.96,89.87,86.37,2258960,1.82,88.45
20240910,88.03,87.95,88.06,86.9,2491548,0.66,87.51
20240909,87.45,87.99,88.61,87.36,2437924,0.7,87.82
20240906,86.84,87.42,88.8,86.38,2537861,-0.88,87.01
20240905,87.61,87.12,87.68,85.49,2918126,0.4,86.78
20240904,87.26,88.0,88.71,87.0,1619168,-1.21,87.6
20240903,88.33,90.59,91.0,87.53,2557004,-3.41,88.39
20240830,91.45,91.13,91.56,89.95,2115165,0.72,91.05
20240829,90.8,90.28,92.09,89.68,2023499,1.57,91.14
20240828,89.4,91.0,91.31,89.0,1852773,-1.36,89.69
20240827,90.63,90.03,90.9,89.77,1136906,-0.19,90.59
20240826,90.8,92.0,92.24,90.73,1647678,-0.92,91.08
20240823,91.64,90.7,92.01,90.32,1824764,1.66,91.36
20240822,90.14,91.32,91.71,89.98,1186695,-1.12,90.41
20240821,91.16,90.68,91.46,90.52,1064930,0.73,91.12
20240820,90.5,90.9,91.24,90.08,1276158,-0.49,90.49
20240819,90.95,91.37,91.84,90.67,1672719,-0.07,91.21
20240816,91.01,92.21,92.52,90.99,2260354,-1.31,91.32
20240815,92.22,92.54,92.85,91.24,1853730,1.31,92.27
20240814,91.03,89.97,91.12,89.73,1463408,1.25,90.65
20240813,89.91,88.95,90.04,88.08,1867209,1.87,89.48
20240812,88.26,89.69,89.96,87.96,2061059,-1.35,88.49
20240809,89.47,90.05,90.75,88.6,2665009,-1.12,89.3
20240808,90.48,88.7,90.6,88.01,2580568,3.64,89.74
20240807,87.3,89.18,89.68,87.03,2802797,-0.96,88.2
20240806,88.15,87.31,90.03,87.06,2961079,1.28,88.65
20240805,87.04,84.74,88.57,83.72,4541731,-0.43,86.63
20240802,87.42,89.5,89.7,86.68,6017981,-4.18,87.73
20240801,91.23,92.0,95.38,90.4,7341086,-9.13,91.83
20240731,100.4,100.22,101.17,98.85,3310683,1.55,100.19
20240730,98.87,99.55,100.67,98.37,2525289,0.13,98.89
20240729,98.74,98.73,99.52,98.09,1856688,0.04,98.94
20240726,98.7,98.09,99.61,97.84,1797240,1.82,98.79
20240725,96.94,96.1,98.77,94.96,2896173,1.24,97.1
20240724,95.75,99.39,99.79,95.57,3505154,-4.49,97.24
20240722,99.95,97.9,100.14,97.08,2031746,3.19,99.22
20240719,96.86,98.25,98.55,96.79,1548985,-1.07,97.35
20240718,97.91,97.74,99.59,97.34,2310831,-0.11,98.33
20240717,98.02,99.86,99.86,98.02,2606666,-2.31,98.86
20240716,100.34,99.28,100.65,98.95,3013238,1.7,100.01
20240715,98.66,98.1,99.44,97.91,2799011,1.42,98.73
20240712,97.28,96.31,98.28,96.0,2792403,1.86,97.5
20240711,95.5,94.7,97.0,94.62,2003489,1.27,95.85
20240710,94.3,92.61,94.43,92.28,1485571,2.8,93.82
20240709,91.73,92.32,92.9,91.69,1654585,-0.41,92.21
20240708,92.11,91.63,92.74,91.51,1359909,0.8,92.25
20240705,91.38,90.94,91.46,90.0,1378116,0.36,90.99
20240703,91.05,90.82,91.78,90.2,651725,0.43,91.12
20240702,90.66,89.49,90.7,89.05,1088827,1.25,90.28
20240701,89.54,92.06,92.3,89.04,1319790,-1.43,89.76
20240628,90.84,91.0,91.93,90.18,2794978,-0.14,90.82
20240627,90.97,90.23,91.0,89.84,1951691,1.3,90.64
20240626,89.8,89.41,90.15,88.45,2755853,-0.12,89.52
20240625,89.91,92.68,92.68,89.33,3975540,-3.24,90.18
20240624,92.92,93.12,93.93,92.74,2070739,0.03,93.25
20240621,92.89,93.35,93.35,91.92,3639346,-0.31,92.93
20240620,93.18,94.36,95.05,92.5,2798780,-1.48,93.58
20240618,94.58,93.3,94.79,93.02,2303177,1.37,94.17
20240617,93.3,91.11,93.79,90.44,1894091,2.01,93.02
20240614,91.46,93.0,93.3,90.0,2798049,-3.17,91.15
20240613,94.45,94.33,94.99,93.26,2977051,-0.31,94.07
20240612,94.74,92.08,95.3,91.76,3593653,3.68,94.4
20240611,91.38,90.87,92.06,89.99,3293886,0.21,91.45
20240610,91.19,89.03,91.24,89.03,2296527,2.31,90.79
20240607,89.13,88.64,89.95,87.62,2139023,0.85,89.32
20240606,88.38,89.39,89.65,87.81,3528421,-1.5,88.4
20240605,89.73,88.26,89.88,87.59,2218435,2.01,89.18
20240604,87.96,89.92,90.26,86.95,4095461,-2.31,88.04
20240603,90.04,93.36,93.77,89.0,3587837,-3.23,89.94
20240531,93.05,92.08,93.13,90.78,3479989,1.14,92.43
20240530,92.0,90.86,92.08,90.63,1658367,1.0,91.71
20240529,91.09,92.85,92.85,91.01,2629678,-2.54,91.52
20240528,93.46,95.67,95.67,93.09,5131422,-2.14,94.25
20240524,95.5,95.47,95.97,95.14,3631527,0.42,95.48
20240523,95.1,96.26,96.67,94.74,5159973,-1.23,95.41
20240522,96.28,95.4,96.36,95.09,2988744,1.13,95.89
20240521,95.2,93.84,95.31,93.81,3777102,1.13,94.81
20240520,94.14,92.94,94.53,92.74,2726146,1.61,94.04
20240517,92.65,91.99,92.7,91.61,3155095,1.37,92.32
20240516,91.4,92.46,92.77,90.66,4929059,-1.5,91.36
20240515,92.79,92.01,92.94,91.72,1430405,1.37,92.51
20240514,91.54,90.79,91.68,90.29,1886472,0.77,91.46
20240513,90.84,91.14,91.21,89.93,3208033,-0.46,90.67
20240510,91.26,91.89,92.2,90.93,1844096,0.29,91.23
20240509,91.0,90.86,91.33,90.2,2390312,0.28,90.88
20240508,90.75,89.65,90.79,88.96,3642468,1.0,90.14
20240507,89.85,88.67,90.26,87.92,2973255,1.55,89.58
20240506,88.48,88.07,89.54,87.66,4544672,2.03,88.57
20240503,86.72,88.0,89.5,85.9,6799047,-6.6,87.19
20240502,92.85,93.28,93.85,91.61,4128649,-0.16,93.0
20240501,93.0,93.18,94.27,92.22,3434692,-0.34,92.97
20240430,93.32,93.21,94.12,92.35,3617517,-0.07,93.17
20240429,93.39,93.47,94.21,92.45,2662556,-0.12,93.31
20240425,92.03,91.29,92.64,90.5,2567215,-0.51,91.93
20240424,92.5,91.94,93.22,90.89,4208473,2.13,92.15
20240423,90.57,89.33,90.62,89.19,1456157,2.19,90.14
20240422,88.63,88.88,89.33,88.1,2249856,0.26,88.84
20240419,88.4,89.27,90.0,87.46,2478693,-0.64,88.43
20240418,88.97,90.3,90.76,88.85,1175494,-0.67,89.55
20240417,89.57,91.48,91.51,88.82,1834938,-1.44,89.81
20240416,90.88,91.19,91.73,90.47,1836409,-0.44,91.16
20240415,91.28,93.38,93.52,90.93,1562069,-0.7,91.73
20240412,91.92,91.88,92.72,91.47,1498887,-1.34,91.95
20240411,93.17,92.71,93.86,92.37,1529294,0.19,93.25
20240410,92.99,92.16,93.8,91.45,1628597,-0.55,93.06
20240409,93.5,94.49,94.57,92.34,2240697,-0.54,93.28
20240408,94.01,95.06,95.41,93.91,1838181,-0.84,94.21
20240405,94.81,92.88,95.05,92.71,2109874,2.72,94.6
20240404,92.3,94.4,94.77,92.28,2846291,-1.17,93.48
20240403,93.39,92.55,93.96,92.34,2689832,0.91,93.57
20240402,92.55,93.82,93.82,92.38,3418939,-1.14,92.79
20240401,93.62,94.93,94.94,93.4,1305404,-1.4,93.78
20240328,94.95,95.17,95.41,94.5,2522040,-0.33,94.93
20240327,95.26,94.8,95.41,93.8,2456314,0.86,94.82
20240326,94.45,94.32,95.05,94.19,1932409,-0.03,94.67
20240325,94.48,95.25,96.17,94.36,2404699,-0.27,94.78
20240322,94.74,94.95,95.09,93.99,1572569,-0.38,94.69
20240321,95.1,94.1,95.29,93.83,2445661,1.52,94.88
20240320,93.68,91.68,93.72,91.38,2646430,2.32,93.03
20240319,91.56,91.27,91.77,90.71,1623357,0.38,91.43
20240318,91.21,91.06,91.76,90.46,1463229,0.82,91.2
20240315,90.47,90.1,91.26,90.1,2652654,-0.59,90.47
20240314,91.01,90.95,91.4,90.23,2035319,0.53,90.87
20240313,90.53,91.07,91.12,90.1,2295307,-0.36,90.57
20240312,90.86,89.35,91.02,88.71,1784380,1.5,90.34
20240311,89.52,89.46,89.86,88.83,2092795,-0.94,89.32
20240308,90.37,91.28,91.67,89.69,1953505,-0.87,90.54
20240307,91.16,90.91,91.4,90.27,2333608,1.02,90.99
20240306,90.24,90.68,91.17,90.08,2543862,0.3,90.51
20240305,89.97,91.16,91.26,89.53,4295586,-1.72,90.14
20240304,91.54,91.67,92.36,91.34,1901165,-0.1,91.69
20240301,91.63,90.94,92.44,90.77,2722460,0.33,91.83
20240229,91.33,90.06,91.45,89.77,4049895,1.65,90.92
20240228,89.85,90.33,90.78,89.75,2092423,-0.59,90.07
20240227,90.38,90.95,91.11,89.54,2165243,-0.42,90.15
20240226,90.76,90.33,91.14,90.2,2031363,0.25,90.75
20240223,90.53,91.04,91.11,89.68,2050158,-0.29,90.42
20240222,90.79,90.28,90.92,89.86,2468669,2.08,90.46
20240221,88.94,87.4,89.01,87.23,3305175,2.54,88.26
20240220,86.74,88.27,88.49,86.6,3435622,-3.05,87.06
20240216,89.47,91.72,92.32,89.36,4995324,1.91,90.42
20240215,87.79,86.93,87.9,86.52,2813439,1.5,87.44
20240214,86.49,85.99,86.84,85.59,2279872,1.62,86.39
20240213,85.11,84.16,85.38,83.74,2125080,-0.42,84.79
20240212,85.47,85.74,86.24,85.33,1683426,-0.5,85.69
20240209,85.9,85.65,86.51,85.27,4007039,0.61,85.77
20240208,85.38,84.67,85.5,84.41,2496687,0.96,85.14
20240206,83.24,82.86,83.4,82.21,7465277,0.4,83.22
20240205,82.91,82.96,83.52,82.51,2464362,-0.99,83.05
20240202,83.74,81.87,84.01,81.59,2385954,2.13,83.28
20240201,81.99,80.36,82.23,80.36,4274063,2.67,81.7
20240131,79.86,80.36,80.85,79.73,2426150,-0.93,80.04
20240130,80.61,80.15,80.83,80.12,2130834,0.16,80.54
20240129,80.48,79.08,80.55,79.04,2609309,1.49,79.84
20240126,79.3,79.36,79.63,79.03,2168187,0.06,79.31
20240125,79.25,79.34,79.75,78.69,2685553,0.52,79.13
20240124,78.84,79.75,79.83,78.62,4110125,-0.47,79.04
20240123,79.21,79.52,79.52,78.36,2153082,-0.16,79.01
20240122,79.34,79.02,79.45,78.83,1820334,0.58,79.19
20240119,78.88,78.57,78.92,77.87,2148917,0.9,78.58
20240118,78.18,77.76,78.37,77.16,1578544,0.94,77.88
20240117,77.45,77.16,77.75,76.97,2589245,-0.64,77.45
20240116,77.95,77.13,78.01,76.64,2610683,0.68,77.67
20240112,77.42,78.09,78.17,76.73,2959102,-0.35,77.34
20240111,77.69,76.33,77.74,75.54,3220082,1.84,76.92
20240110,76.29,75.89,76.38,75.74,1379046,0.5,76.12
20240109,75.91,74.97,75.91,74.58,2099568,0.25,75.56
20240108,75.72,74.81,75.74,74.01,1882728,1.23,74.99
20240105,74.8,74.8,75.29,74.59,2066452,-0.19,74.89
20240104,74.94,74.9,75.77,74.72,1474246,0.29,75.18
20240103,74.72,76.21,76.47,74.67,2629484,-2.62,75.1
20240102,76.73,77.0,77.61,76.26,1789694,-0.79,76.77
20231229,77.34,77.93,78.02,77.28,1611871,-0.57,77.5
20231228,77.78,77.74,78.16,77.57,1104732,-0.09,77.88
20231227,77.85,77.48,77.87,77.24,1821752,0.58,77.67
20231226,77.4,76.49,77.43,76.46,1342363,1.2,77.08
20231222,76.48,76.08,76.87,75.91,1432530,0.9,76.54
20231221,75.8,75.64,75.86,75.05,1391821,1.24,75.54
20231220,74.87,76.0,76.81,74.84,2028905,-1.91,75.9
20231219,76.33,75.13,76.4,74.83,2263215,2.02,75.98
20231218,74.82,75.19,75.28,74.47,1751401,-0.03,74.88
20231215,74.84,74.86,75.63,74.7,4781598,-0.62,74.97
20231214,75.31,74.13,75.57,74.09,2590273,2.18,75.08
20231213,73.7,74.22,74.76,73.52,2115394,-0.75,73.92
20231212,74.26,74.21,74.85,74.07,2094445,0.38,74.43
20231211,73.98,73.38,74.49,73.38,2004049,0.91,74.07
20231208,73.31,72.49,73.42,72.4,2723241,1.05,73.19
20231207,72.55,71.73,72.56,71.54,2302283,1.64,72.2
20231206,71.38,72.27,72.98,71.21,1904998,-0.81,71.6
20231205,71.96,71.79,72.44,71.54,1748256,-0.08,71.98
20231204,72.02,71.57,72.16,71.29,2300966,-0.3,71.9
20231201,72.24,71.36,72.73,71.36,2432611,1.13,72.38
20231130,71.43,69.94,71.52,69.51,3299705,2.63,71.06
20231129,69.6,70.21,70.4,69.46,2057674,-0.09,69.72
20231128,69.66,70.86,71.24,69.64,2904578,-1.58,70.21
20231127,70.78,71.3,71.3,70.65,1806968,-0.77,70.92
20231124,71.33,70.83,71.33,70.6,674862,0.88,71.18
20231122,70.71,70.66,70.97,70.43,1682673,0.24,70.73
20231121,70.54,70.25,70.82,70.24,1573933,0.17,70.59
20231120,70.42,70.42,70.62,69.96,2066212,0.14,70.34
20231117,70.32,70.65,70.65,69.84,1942973,0.17,70.25
20231116,70.2,69.88,70.61,69.76,1819946,0.7,70.13
20231115,69.71,69.66,70.22,69.29,2573757,0.07,69.77
20231114,69.66,69.77,70.12,69.32,2641084,1.16,69.77
20231113,68.86,68.15,69.34,68.06,4608492,0.76,68.88
20231110,68.34,66.99,68.36,66.99,2520776,1.95,68.0
20231109,67.03,66.77,67.82,66.3,4073599,1.48,67.25
20231108,66.05,66.31,66.58,65.5,2573080,0.11,66.01
20231107,65.98,64.91,66.01,64.6,2529987,1.12,65.64
20231106,65.25,65.34,65.53,64.69,3378869,-0.17,65.12
20231103,65.36,66.88,67.18,65.3,3153794,-0.35,65.89
20231102,65.59,62.25,66.26,62.12,5196449,5.81,65.41
20231101,61.99,60.75,62.02,60.34,5483727,2.16,61.33
20231031,60.68,60.23,60.96,60.18,3694542,0.18,60.63
20231030,60.57,60.02,60.79,59.51,4833231,2.0,60.2
20231027,59.38,60.0,60.29,59.2,2496992,-0.84,59.72
20231026,59.88,59.74,60.77,59.44,2969192,0.88,60.13
20231025,59.36,59.35,60.48,59.25,4150438,-0.54,59.64
20231024,59.68,60.53,60.66,59.45,3476060,0.62,59.91
20231023,59.31,60.34,60.77,59.27,3409163,-1.84,59.89
20231020,60.42,61.2,61.44,60.2,3180106,-1.31,60.62
20231019,61.22,62.41,63.32,60.98,3395479,-1.88,62.12
20231018,62.39,64.78,64.78,62.28,3784850,-4.98,62.68
20231017,65.66,64.68,66.34,64.44,1500403,1.09,65.73
20231016,64.95,64.9,65.59,64.47,1341735,1.14,64.95
20231013,64.22,66.21,66.45,63.38,2501542,-2.79,64.27
20231012,66.06,66.14,66.79,65.45,2740771,0.11,66.2
20231011,65.99,64.87,66.07,64.83,2251002,2.01,65.59
20231010,64.69,64.15,65.27,63.79,1644793,0.92,64.77
20231009,64.1,63.27,64.26,62.51,1572179,1.07,63.79
20231006,63.42,62.46,63.92,62.14,1823868,0.96,63.32
20231005,62.82,63.38,63.58,62.2,3371377,-0.7,62.7
20231004,63.26,62.8,63.44,62.34,1797530,0.65,63.01
20231003,62.85,63.25,63.41,62.14,3037092,-1.18,62.7
20231002,63.6,63.57,64.26,63.28,2576895,-0.19,63.7
20230929,63.72,64.78,65.15,63.43,3366538,-0.86,64.01
20230928,64.27,63.36,64.78,63.18,2109741,1.58,64.1
20230927,63.27,63.41,63.79,62.94,2106756,0.76,63.3
20230926,62.79,63.59,64.21,62.6,2124712,-2.38,62.92
20230925,64.32,64.18,64.38,63.28,2701498,-0.28,64.05
20230922,64.5,64.06,64.94,63.81,1473840,0.72,64.49
20230921,64.04,64.79,64.79,63.74,2339901,-1.51,64.13
20230920,65.02,66.65,67.01,64.95,2635768,-1.83,65.74
20230919,66.23,66.17,66.75,65.28,4066320,-0.24,66.23
20230918,66.39,65.88,66.5,65.62,2039890,0.74,66.3
20230915,65.9,66.29,66.62,65.49,2815213,-0.99,65.92
20230914,66.56,66.43,66.99,65.73,2405833,1.26,66.47
20230913,65.73,68.02,68.48,65.2,3509086,-3.81,66.18
20230912,68.33,68.29,69.17,67.95,2752226,-0.47,68.39
20230911,68.65,69.82,70.24,68.05,2885284,-1.11,68.58
20230908,69.42,69.52,69.98,69.32,2458569,-0.19,69.57
20230907,69.55,69.62,70.23,68.74,2985705,-0.66,69.62
20230906,70.01,68.3,70.05,68.25,3655304,2.29,69.56
20230905,68.44,69.96,70.0,68.3,3946102,-2.16,68.59
20230901,69.95,69.99,70.52,69.56,2902761,0.49,69.91
20230831,69.61,69.86,70.21,69.32,3957278,-0.4,69.73
20230830,69.89,70.13,70.65,69.67,1975549,-0.11,69.92
20230829,69.97,68.95,70.32,68.74,1993235,1.26,69.89
20230828,69.1,68.85,69.44,68.6,1993249,0.29,69.17
20230825,68.9,68.58,69.3,68.08,2647825,0.97,68.81
20230824,68.24,68.48,69.15,68.17,3175219,-0.38,68.46
20230823,68.5,67.0,68.68,66.93,1874093,2.47,68.2
20230822,66.85,67.3,67.7,66.75,1406404,0.22,67.0
20230821,66.7,66.8,66.97,66.11,1552816,0.32,66.63
20230818,66.49,65.4,67.16,65.0,3787806,0.59,66.59
20230817,66.1,67.04,67.37,66.08,1814135,-0.91,66.55
20230816,66.71,66.93,67.38,66.63,1503081,-0.43,66.86
20230815,67.0,67.51,67.84,66.76,1638568,-1.33,67.04
20230814,67.9,67.91,68.2,67.65,1708450,-0.28,67.91
20230811,68.09,67.76,68.32,67.66,1522856,0.25,68.03
20230810,67.92,68.38,68.74,67.39,2419195,-0.32,67.95
20230809,68.14,68.63,68.88,67.92,2831341,-0.7,68.38
20230808,68.62,67.41,68.92,66.98,2450963,1.05,68.23
20230807,67.91,67.52,68.0,67.13,1608669,1.49,67.7
20230804,66.91,67.4,67.74,66.57,2815203,-0.31,67.12
20230803,67.12,66.52,67.39,65.24,3835135,2.49,66.83
20230802,65.49,65.62,65.9,65.07,3486080,-0.79,65.54
20230731,65.27,64.63,65.32,64.35,2150056,1.67,65.04
20230728,64.2,64.71,64.85,63.98,2456760,0.23,64.24
20230727,64.05,64.87,65.02,63.87,2450725,-0.73,64.3
20230726,64.52,64.84,65.34,64.06,2170856,-0.85,64.42
20230725,65.07,64.89,65.86,64.75,1769199,-0.31,65.31
20230724,65.27,65.43,65.95,64.97,1534456,0.02,65.24
20230721,65.26,65.69,65.81,65.08,1482067,-0.5,65.38
20230720,65.59,66.02,66.07,65.23,2048711,-0.2,65.54
20230719,65.72,66.36,66.37,64.86,2895093,-1.94,65.66
20230718,67.02,66.04,67.18,65.96,2535616,1.1,66.68
20230717,66.29,66.03,66.73,65.95,1985156,0.26,66.39
20230714,66.12,66.63,66.67,65.9,1475774,-0.84,66.19
20230713,66.68,66.22,66.91,65.85,1065870,0.86,66.59
20230712,66.11,66.88,67.02,66.06,1331637,-0.21,66.36
20230711,66.25,66.01,66.74,65.87,1700137,0.67,66.22
20230710,65.81,64.97,65.9,64.65,1392232,2.41,65.61
20230707,64.26,63.42,64.93,63.33,1271330,1.1,64.38
20230706,63.56,63.57,63.68,62.92,1792072,-0.87,63.42
20230705,64.12,64.62,65.05,64.0,1441712,-1.72,64.27
20230703,65.24,64.91,65.32,64.5,702255,-0.18,65.07
20230630,65.36,65.16,65.73,64.65,1877399,1.49,65.3
20230629,64.4,63.45,64.59,63.0,2731870,1.16,64.2
20230628,63.66,64.3,64.59,63.55,2829774,-0.42,63.88
20230627,63.93,63.52,64.01,63.15,3151558,1.12,63.74
20230626,63.22,63.3,64.02,63.16,2881805,-0.24,63.53
20230623,63.37,62.71,63.53,62.02,5020129,-0.24,63.14
20230622,63.52,64.07,64.07,63.16,2803841,-0.95,63.59
20230621,64.13,63.78,64.71,63.44,2808163,0.02,64.17
20230620,64.12,63.82,64.39,63.49,2424645,-0.62,64.13
20230616,64.52,65.0,65.24,64.04,4460531,-0.29,64.53
20230615,64.71,63.87,64.86,63.72,1956590,0.92,64.57
20230614,64.12,64.38,64.45,63.72,1915466,0.03,64.14
20230613,64.1,62.89,64.2,62.89,1762150,2.02,63.95
20230612,62.83,62.27,63.12,61.93,1696289,0.59,62.79
20230609,62.46,63.0,63.0,61.98,1215739,-0.48,62.45
20230608,62.76,62.62,62.92,62.22,1270853,0.11,62.65
20230607,62.69,61.75,62.81,61.22,1722036,1.95,62.44
20230606,61.49,60.48,61.98,60.48,1486262,1.33,61.54
20230605,60.68,61.5,61.13,60.1,2146585,-1.11,60.76
20230602,61.36,59.0,61.6,58.68,3212299,5.52,60.81
20230601,58.15,56.92,58.26,56.61,2132100,2.63,57.87
20230531,56.66,58.1,58.33,56.49,3147615,-3.05,56.8
20230530,58.44,59.24,59.53,58.26,1563314,-0.76,58.62
20230526,58.89,57.93,59.09,57.39,2021160,2.28,58.68
20230525,57.58,57.31,58.12,57.06,1907090,1.18,57.62
20230524,56.91,57.69,57.95,56.66,1850410,-1.9,57.01
20230523,58.01,59.25,59.26,57.84,2445350,-2.9,58.34
20230522,59.74,59.93,60.43,59.2,1917139,-0.03,59.72
20230519,59.76,60.65,61.06,59.3,1646727,-0.28,59.91
20230518,59.93,58.87,60.09,58.87,1438736,1.52,59.72
20230517,59.03,59.16,59.52,58.3,1876358,0.85,58.93
20230516,58.53,58.41,58.72,58.15,1525391,-0.68,58.5
20230515,58.93,58.05,59.07,58.05,1143286,1.17,58.8
20230512,58.25,58.32,58.7,57.79,1446767,0.52,58.19
20230511,57.95,57.96,58.29,57.37,1572443,-0.79,57.87
20230510,58.41,59.26,59.32,57.67,1575103,-0.95,58.37
20230509,58.97,59.56,59.89,58.75,2062953,0.05,59.13
20230508,58.94,59.83,59.9,58.38,1793315,-0.39,58.89
20230505,59.17,58.25,59.65,58.0,3022006,3.64,59.04
20230504,57.09,58.0,59.27,56.8,4120883,0.81,57.52
20230503,56.63,57.47,57.74,56.34,2449453,-0.82,56.97
20230502,57.1,56.94,57.2,55.86,2296987,-0.03,56.72
20230501,57.12,56.84,57.61,56.84,1786772,0.18,57.26
20230428,57.02,56.88,57.61,56.86,2457579,0.04,57.18
20230427,57.0,54.55,57.06,54.54,6097008,6.72,56.25
20230426,53.41,53.89,54.4,53.24,1711163,-1.89,53.78
20230425,54.44,55.07,55.58,54.43,1745207,-1.68,54.87
20230424,55.37,55.23,55.69,55.13,1232466,0.05,55.38
20230421,55.34,55.6,55.6,54.83,1878093,-0.04,55.23
20230420,55.36,55.1,55.72,55.01,2175046,-0.45,55.37
20230419,55.61,55.88,56.04,55.04,2524772,-1.26,55.52
20230418,56.32,56.52,57.0,55.9,1622415,0.43,56.31
20230417,56.08,55.98,56.21,55.57,1519735,0.68,55.97
20230414,55.7,56.02,57.02,55.44,2107690,-0.5,55.96
20230413,55.98,56.2,56.46,54.24,2920880,-0.78,55.53
20230412,56.42,56.43,56.71,55.82,1911876,1.47,56.37
20230411,55.6,55.78,56.26,55.51,1233887,0.23,55.81
20230410,55.47,54.27,55.64,54.13,1836997,1.85,55.41
20230406,54.46,54.6,55.34,54.37,1859870,-0.78,54.58
20230405,54.89,54.72,54.98,54.12,6584895,-0.67,54.57
20230404,55.26,58.17,58.17,54.88,3569025,-5.2,55.94
20230403,58.29,58.1,58.6,57.37,2038452,0.19,58.04
20230331,58.18,57.6,58.22,57.49,2175857,1.48,57.91
20230330,57.33,57.26,57.77,57.02,2278675,1.11,57.44
20230329,56.7,56.64,56.89,56.1,4620149,1.32,56.46
20230328,55.96,55.78,56.3,55.62,1886839,0.3,55.86
20230327,55.79,55.8,55.88,55.1,1893695,1.38,55.66
20230324,55.03,54.27,55.2,53.38,1982423,0.15,54.76
20230323,54.95,55.0,56.35,54.42,2469570,-0.02,55.34
20230322,54.96,55.9,56.91,54.95,2189045,-1.68,55.79
20230321,55.9,55.02,56.09,54.98,3367253,3.69,55.68
20230320,53.91,52.86,54.13,52.53,3032137,2.76,53.65
20230317,52.46,53.09,53.24,51.84,4162270,-1.98,52.45
20230316,53.52,52.4,53.93,51.84,4558215,1.11,53.33
20230315,52.93,54.39,54.43,52.14,4180309,-4.97,52.86
20230314,55.7,55.94,56.61,54.98,3038119,1.81,55.81
20230313,54.71,54.81,55.41,54.07,3387855,-1.85,54.74
20230310,55.74,58.2,58.44,55.54,4375567,-4.13,56.55
20230309,58.14,59.59,59.77,57.92,4286637,-2.22,58.89
20230308,59.46,59.41,59.77,58.84,2791321,0.15,59.37
20230307,59.37,59.91,60.39,59.19,2555718,-0.84,59.7
20230306,59.87,59.37,60.35,59.37,2133901,0.67,60.01
20230303,59.47,58.75,59.65,58.49,1908867,2.02,59.25
20230302,58.29,57.73,58.57,57.4,1727908,0.43,58.1
20230301,58.04,57.95,58.52,57.6,2075439,-0.05,58.13
20230228,58.07,58.35,58.93,58.06,3272771,-0.53,58.39
20230227,58.38,58.0,58.73,57.81,1976134,1.21,58.37
20230224,57.68,57.26,57.88,56.67,1480259,-0.36,57.45
20230223,57.89,58.32,58.32,56.76,1907618,0.75,57.59
20230222,57.46,56.84,57.98,56.59,3176299,1.92,57.37
20230221,56.38,58.05,58.57,55.79,3320025,-2.08,56.53
20230217,57.58,57.11,57.83,56.92,1935031,0.33,57.51
20230216,57.39,57.56,57.99,57.11,1600157,-1.53,57.61
20230215,58.28,57.18,58.4,57.18,2023160,1.48,57.88
20230214,57.43,57.12,57.69,56.65,1204530,0.02,57.33
20230213,57.42,56.95,57.81,56.61,1763960,1.29,57.47
20230210,56.69,56.29,56.85,56.09,1262955,0.44,56.63
20230209,56.44,57.96,58.1,56.15,2123527,-1.64,56.8
20230208,57.38,56.99,57.87,56.99,2163622,0.14,57.5
20230207,57.3,56.03,57.5,55.87,2152523,1.61,56.87
20230206,56.39,56.44,56.78,55.99,1528558,-1.26,56.38
20230203,57.11,55.45,57.42,55.38,3436267,1.96,57.06
20230202,56.01,56.12,56.59,55.51,2819844,0.63,56.06
20230201,55.66,55.75,56.17,54.85,3449367,-0.61,55.64
20230131,56.0,55.54,56.23,55.23,2622927,1.25,55.97
20230130,55.31,55.34,55.73,55.13,1718514,-0.63,55.44
20230127,55.66,55.32,56.03,54.95,2107946,0.23,55.54
20230126,55.53,56.24,56.29,53.85,3739413,-0.75,55.0
20230125,55.95,55.72,56.07,54.89,1428156,-0.76,55.69
20230124,56.38,55.5,56.61,54.91,1705045,0.88,56.27
20230123,55.89,55.48,56.21,55.26,2648229,0.98,55.77
20230120,55.35,54.13,55.37,53.9,1800524,2.73,54.78
20230119,53.88,55.63,55.76,53.78,1880011,-3.61,54.3
20230118,55.9,57.04,57.31,55.79,1659034,-1.58,56.22
20230117,56.8,57.5,57.77,56.58,1754056,-1.27,56.94
20230113,57.53,57.18,57.68,57.01,1260562,0.24,57.41
20230112,57.39,56.93,57.6,56.45,2091403,1.07,57.23
20230111,56.78,56.87,57.22,56.25,1683073,0.62,56.67
20230110,56.43,55.66,56.65,55.61,1577124,1.17,56.34
20230109,55.78,55.64,56.53,55.45,2042279,1.2,56.04
20230106,55.12,54.17,55.29,53.57,2982293,3.24,54.87
20230105,53.39,53.37,53.75,52.91,2091966,-0.48,53.38
20230104,53.65,53.4,53.83,52.98,2541239,1.23,53.55
20230103,53.0,52.67,53.1,51.98,2094029,1.44,52.71
20221230,52.25,52.47,52.68,51.86,1516063,-1.02,52.23
20221229,52.79,52.17,53.14,52.11,1730168,2.03,52.73
20221228,51.74,52.69,52.79,51.73,1040679,-1.62,52.05
20221227,52.59,52.42,52.88,52.0,1692352,0.59,52.6
20221223,52.28,52.03,52.4,51.64,2035512,0.54,52.14
20221222,52.0,52.28,52.28,50.75,1570947,-1.37,51.65
20221221,52.72,52.47,53.07,52.2,1703137,1.58,52.72
20221220,51.9,51.09,52.12,50.96,1873527,1.63,51.8
20221219,51.07,51.91,52.27,50.9,2476030,-1.41,51.32
20221216,51.8,51.93,52.33,51.27,3746991,-1.52,51.8
20221215,52.6,53.91,54.02,52.54,3076702,-3.89,53.0
20221214,54.73,55.62,56.05,54.27,3011459,-1.44,55.05
20221213,55.53,56.08,56.25,54.97,3686532,2.38,55.41
20221212,54.24,53.6,54.26,53.1,2644573,1.86,53.8
20221209,53.25,53.5,53.63,53.14,2312387,-0.02,53.33
20221208,53.26,53.06,53.75,52.91,2338911,0.85,53.25
20221207,52.81,52.69,53.54,52.69,2457162,0.15,53.02
20221206,52.73,53.31,53.81,52.38,1692422,-1.11,52.87
20221205,53.32,53.86,53.94,53.05,2712494,-2.25,53.37
20221202,54.55,53.49,54.84,53.31,2476681,0.48,54.3
20221201,54.29,54.34,55.13,53.72,2856155,0.59,54.31
20221130,53.97,52.98,54.15,52.3,4892274,2.18,53.47
20221129,52.82,53.24,53.76,52.62,1788794,-0.64,52.96
20221128,53.16,52.96,53.52,52.8,2489991,-0.49,53.12
20221125,53.42,53.8,54.03,53.35,1213052,-0.41,53.71
20221123,53.64,53.87,54.2,53.51,1965425,-0.28,53.82
20221122,53.79,54.0,54.25,53.36,2734930,0.35,53.74
20221121,53.6,53.51,53.95,53.34,1901997,-0.19,53.64
20221118,53.7,54.5,54.71,53.15,2724438,-0.17,53.59
20221117,53.79,54.07,54.37,52.79,1907831,-2.18,53.45
20221116,54.99,55.29,55.88,54.77,1969811,-0.94,55.2
20221115,55.51,56.0,56.71,55.04,2063260,0.58,55.79
20221114,55.19,55.18,56.27,55.13,2761175,-0.22,55.71
20221111,55.31,54.0,55.73,53.79,6672500,2.65,54.94
20221110,53.88,53.84,54.33,53.31,4787020,4.16,53.83
20221109,51.73,51.8,52.47,51.49,2037470,-0.98,51.85
20221108,52.24,53.56,53.6,51.95,4688367,-1.88,52.64
20221107,53.24,53.19,53.68,52.55,2640521,0.6,53.22
20221104,52.92,52.71,53.59,51.67,2538985,3.02,52.49
20221103,51.37,49.42,52.23,47.63,4467305,4.73,51.24
20221102,49.05,49.8,51.12,48.84,3044946,-2.49,49.82
20221101,50.3,51.1,51.64,50.14,2054049,-0.4,50.57
20221031,50.5,50.17,51.0,50.04,2363729,0.1,50.57
20221028,50.45,48.83,50.54,48.47,2289940,3.74,50.03
20221027,48.63,49.08,49.54,48.49,2656598,0.04,48.9
20221026,48.61,49.2,49.61,48.29,2344361,-0.57,48.78
20221025,48.89,47.78,49.01,47.76,2496219,2.3,48.47
20221024,47.79,47.26,47.82,46.88,1354637,2.14,47.57
20221021,46.79,45.47,46.83,45.14,3317630,3.52,46.13
20221020,45.2,46.43,46.84,45.14,1870190,-2.4,45.77
20221019,46.31,46.1,46.94,45.62,3047976,-1.51,46.23
20221018,47.02,47.93,48.48,46.59,3740977,0.62,47.1
20221017,46.73,46.44,47.19,46.0,2196427,3.59,46.69
20221014,45.11,47.18,47.51,45.03,2281557,-3.59,45.48
20221013,46.79,44.03,47.15,43.57,2278232,3.68,46.21
20221012,45.13,45.57,45.91,44.29,1725197,-0.64,45.35
20221011,45.42,44.92,46.13,44.55,2273700,0.58,45.39
20221010,45.16,46.11,46.16,44.74,2062775,-1.07,45.22
20221007,45.65,46.29,46.47,45.32,1638267,-2.89,45.68
20221006,47.01,46.75,47.79,46.73,1970721,0.15,47.17
20221005,46.94,46.26,47.18,46.09,2072429,-0.28,46.79
20221004,47.07,46.16,47.13,46.02,1837841,4.53,46.89
20221003,45.03,44.1,45.74,43.52,2921358,4.09,45.09
20220930,43.26,43.76,44.37,43.17,2181850,-0.98,43.61
20220929,43.69,43.31,43.74,42.58,2494770,-0.95,43.34
20220928,44.11,43.31,44.52,42.95,2269135,2.75,43.98
20220927,42.93,43.97,44.12,42.2,2764746,-0.9,42.94
20220926,43.32,43.75,44.55,43.29,2791485,-1.7,43.76
20220923,44.07,44.21,44.46,43.06,2907267,-1.65,43.74
20220922,44.81,46.08,46.37,44.78,4078623,-2.9,45.21
20220921,46.15,47.53,48.15,46.14,4112375,-2.2,47.08
20220920,47.19,48.0,48.09,46.64,2848129,-2.62,47.18
20220919,48.46,46.73,48.62,46.73,2554988,2.69,48.22
20220916,47.19,48.49,48.54,46.41,6020457,-4.3,47.22
20220915,49.31,49.65,50.53,49.12,3174267,-0.58,49.67
20220914,49.6,49.65,49.66,48.66,2191772,0.08,49.33
20220913,49.56,49.95,50.67,49.34,1932722,-3.86,49.91
20220912,51.55,50.63,51.71,50.63,2226844,2.63,51.34
20220909,50.23,49.65,50.36,49.52,1769024,1.87,50.08
20220908,49.31,48.32,49.35,47.85,3058471,1.19,48.72
20220907,48.73,47.64,48.88,47.51,3551663,2.22,48.4
20220906,47.67,48.01,48.07,47.31,3289847,-0.15,47.7
20220902,47.74,49.1,49.43,47.53,3499212,-1.32,48.3
20220901,48.38,47.17,48.42,46.67,3928565,2.13,47.71
20220831,47.37,47.95,47.97,47.21,6608551,-0.69,47.44
20220830,47.7,48.0,48.15,47.26,4773465,-0.31,47.66
20220829,47.85,47.82,48.06,47.06,4018235,-0.91,47.65
20220826,48.29,50.98,51.07,48.26,2811213,-4.96,49.17
20220825,50.81,50.0,51.1,49.93,3242428,2.32,50.56
20220824,49.66,49.16,50.07,49.07,2274739,0.47,49.72
20220823,49.43,49.58,50.29,49.25,2796542,-0.32,49.66
20220822,49.59,50.81,50.97,49.36,6502457,-4.3,49.82
20220819,51.82,52.01,52.05,51.23,3849248,-1.45,51.65
20220818,52.58,52.68,52.8,52.26,2196840,0.02,52.55
20220817,52.57,53.12,53.14,52.14,3108555,-2.59,52.53
20220816,53.97,53.13,54.14,53.03,2799117,0.88,53.84
20220815,53.5,52.99,53.67,52.88,2434161,-0.19,53.38
20220812,53.6,51.93,53.63,51.79,3660553,3.36,53.16
20220811,51.86,51.9,52.55,51.62,2732417,1.07,52.06
20220810,51.31,50.7,51.52,50.46,2560954,3.55,51.16
20220809,49.55,49.8,49.8,49.2,2255185,-0.9,49.51
20220808,50.0,50.0,50.75,49.89,2727082,0.42,50.19
20220805,49.79,49.02,49.85,48.83,3523255,0.02,49.42
20220804,49.78,48.17,49.96,48.01,4842629,-0.22,49.34
20220803,49.89,49.26,49.9,48.9,3061747,2.44,49.6
20220802,48.7,48.87,49.74,48.65,2478200,-0.88,49.08
20220801,49.13,49.19,49.43,48.77,2445352,-1.35,49.12
20220729,49.8,48.15,49.95,48.08,2880718,3.41,49.43
20220728,48.16,47.26,48.44,46.99,2721663,2.77,47.9
20220727,46.86,45.14,46.96,44.87,4156852,4.86,46.44
20220726,44.69,44.28,44.77,44.07,1675444,0.74,44.49
20220725,44.36,44.49,44.76,44.0,1401372,-0.4,44.26
20220722,44.54,45.0,45.19,44.18,2193099,-0.93,44.56
20220721,44.96,44.07,44.99,43.73,1620434,2.02,44.6
20220720,44.07,43.29,44.24,43.14,2706673,1.85,43.89
20220719,43.27,41.83,43.81,41.83,4498992,4.97,43.25
20220718,41.22,41.5,42.16,40.92,3039801,0.54,41.49
20220715,41.0,40.7,41.25,40.2,3675826,2.89,40.91
20220714,39.85,39.93,40.11,39.29,4733402,-2.4,39.75
20220713,40.83,40.95,41.17,40.26,3076514,-2.16,40.89
20220712,41.73,41.78,42.67,41.66,2979706,-0.57,42.07
20220711,41.97,42.09,42.68,41.75,1929008,-1.13,42.12
20220708,42.45,43.19,43.19,42.11,1507067,-1.62,42.59
20220707,43.15,41.82,43.21,41.82,2361122,4.05,42.9
20220706,41.47,41.33,41.74,40.78,2641116,0.07,41.31
20220705,41.44,41.39,41.54,40.56,3180456,-2.03,41.26
20220701,42.3,42.02,42.82,41.47,3875418,0.52,42.01
20220630,42.08,41.56,42.46,41.53,2775881,-0.47,42.07
20220629,42.28,42.82,42.82,41.54,1712863,-1.24,42.05
20220628,42.81,43.77,44.04,42.76,1867056,-1.34,43.12
20220627,43.39,43.63,43.77,42.88,1793771,0.14,43.36
20220624,43.33,41.5,43.46,41.4,3161283,5.79,43.06
20220623,40.96,41.59,41.73,40.4,2622199,-1.92,40.77
20220622,41.76,41.08,42.02,41.0,1624263,-0.24,41.69
20220621,41.86,41.91,42.45,41.3,1910090,1.5,42.03
20220617,41.24,42.04,42.43,41.15,5395024,-2.0,41.59
20220616,42.08,43.54,43.55,41.84,3147661,-5.57,42.18
20220615,44.56,44.19,45.22,43.79,2753093,1.8,44.43
20220614,43.77,44.33,44.69,43.29,2989744,-0.93,43.79
20220613,44.18,45.2,45.28,43.8,3594082,-4.87,44.35
20220610,46.44,47.63,47.63,46.24,2455578,-4.44,46.65
20220609,48.6,50.02,50.13,48.57,3392289,-3.34,49.35
20220608,50.28,49.82,50.69,49.63,3555165,-0.24,50.39
20220607,50.4,48.96,50.59,48.7,3026518,2.17,50.01
20220606,49.33,49.19,49.63,48.95,2893332,0.98,49.32
20220603,48.85,47.98,48.91,47.73,2269597,0.58,48.53
20220602,48.57,47.7,48.67,47.35,1338560,2.79,48.28
20220601,47.25,47.01,47.68,46.34,1624107,0.21,47.13
20220531,47.15,47.7,48.08,46.84,9587602,-2.76,47.2
20220527,48.49,47.93,48.53,47.51,2671823,2.43,48.09
20220526,47.34,46.4,47.76,46.07,3755477,3.18,47.29
20220525,45.88,44.74,46.03,44.54,4053170,1.87,45.34
20220524,45.04,45.14,45.27,44.23,3615422,-0.66,44.72
20220523,45.34,45.5,45.75,44.97,3841177,0.87,45.42
20220520,44.95,44.71,45.12,43.56,3337915,1.51,44.34
20220519,44.28,43.28,44.81,43.16,2501327,1.49,44.18
20220518,43.63,44.33,44.93,43.35,2439391,-2.7,43.97
20220517,44.84,44.48,44.89,43.81,1678473,3.25,44.63
20220516,43.43,43.27,43.8,42.9,2258795,-0.5,43.39
20220513,43.65,43.29,44.4,43.14,2592942,1.68,43.76
20220512,42.93,42.39,43.83,42.0,3328812,0.59,42.85
20220511,42.68,42.27,44.21,41.87,3638537,0.76,43.26
20220510,42.36,43.78,44.11,41.6,3817736,-2.06,42.62
20220509,43.25,43.13,43.87,42.91,2603741,-1.26,43.36
20220506,43.8,45.25,45.35,43.09,2845407,-3.8,43.89
20220505,45.53,46.8,48.8,44.93,3459912,-3.11,46.05
20220504,46.99,45.45,47.29,45.04,3178237,3.94,46.08
20220503,45.21,44.43,45.48,44.15,2554080,1.48,45.09
20220502,44.55,43.77,44.8,43.29,2778917,1.34,44.19
20220429,43.96,44.97,45.68,43.82,2097327,-2.48,44.46
20220428,45.08,44.67,45.34,43.55,2745941,1.85,44.75
20220427,44.26,43.88,44.93,43.73,1769103,1.03,44.35
20220426,43.81,45.26,45.61,43.71,2310602,-4.07,44.15
20220425,45.67,45.5,45.69,44.46,2255845,-0.59,45.14
20220422,45.94,47.21,47.46,45.8,2305817,-3.83,46.34
20220421,47.77,49.85,50.1,47.62,1973549,-3.22,48.39
20220420,49.36,48.31,49.77,48.05,2399927,2.94,49.28
20220419,47.95,46.52,48.15,46.52,1669088,2.85,47.78
20220418,46.62,46.08,47.17,45.94,1542683,0.39,46.61
20220414,46.44,47.31,47.55,46.41,1583620,-1.88,46.77
20220413,47.33,46.08,47.4,46.08,1948453,2.34,47.12
20220412,46.25,46.71,47.35,45.96,1938168,-0.37,46.64
20220411,46.42,46.63,47.02,46.25,3259303,-0.88,46.54
20220408,46.83,47.8,47.93,46.69,2478353,-1.93,47.08
20220407,47.75,47.68,47.98,47.07,2376520,-0.23,47.63
20220406,47.86,47.15,47.93,46.7,3496440,-1.22,47.52
20220405,48.45,48.77,49.32,48.19,3235288,-1.04,48.61
20220404,48.96,49.58,49.91,48.81,3117603,-2.57,49.13
20220401,50.25,50.98,51.39,50.18,3671926,-0.2,50.89
20220331,50.35,50.43,50.91,50.17,3583754,-0.89,50.57
20220330,50.8,50.43,51.02,50.34,2749220,0.08,50.7
20220329,50.76,50.7,51.47,50.48,1401262,1.93,50.79
20220328,49.8,49.9,50.14,49.32,2351837,-0.36,49.73
20220325,49.98,49.36,50.04,48.87,2214654,1.19,49.6
20220324,49.39,49.62,49.74,49.06,2098210,0.14,49.36
20220323,49.32,50.36,50.6,49.29,2436051,-2.86,49.89
20220322,50.77,51.12,51.5,50.46,2210246,-0.24,50.84
20220321,50.89,51.28,51.76,50.27,2063988,-0.99,50.83
20220318,51.4,50.81,51.55,49.96,3161906,1.14,51.16
20220317,50.82,49.39,50.86,49.39,2417009,1.24,50.53
20220316,50.2,48.98,50.91,48.98,3148330,3.72,50.08
20220315,48.4,48.06,48.64,47.79,2125905,1.55,48.25
20220314,47.66,48.27,48.27,47.4,2371708,0.15,47.7
20220311,47.59,49.13,49.42,47.54,2709504,-2.02,48.32
20220310,48.57,47.6,48.83,47.52,5207965,0.0,48.24
20220309,48.57,47.44,49.48,47.07,6327844,5.72,48.72
20220308,45.94,45.33,47.58,45.27,6537942,2.32,46.23
20220307,44.9,46.61,47.02,44.85,4851988,-3.09,45.52
20220304,46.33,48.76,49.03,46.24,5094770,-6.76,46.84
20220303,49.69,50.59,50.89,49.55,1799706,-1.49,49.97
20220302,50.44,49.79,50.91,49.62,2216262,2.42,50.47
20220301,49.25,50.24,50.32,48.85,3510651,-2.51,49.42
20220228,50.52,50.45,51.4,49.91,3192982,-1.77,50.55
20220225,51.43,50.29,51.6,49.62,2013986,2.19,50.98
20220224,50.33,50.47,51.24,49.0,4023200,-3.21,50.15
20220223,52.0,53.42,53.42,51.81,2646240,-2.05,52.38
20220222,53.09,53.13,53.82,52.7,1977161,0.04,53.2
20220218,53.07,53.16,53.96,52.78,1806068,-0.45,53.22
20220217,53.31,54.44,54.5,53.28,1564215,-2.93,53.74
20220216,54.92,54.82,55.18,54.18,1644182,-0.34,54.74
20220215,55.11,54.7,55.33,54.5,2735652,2.43,55.02
20220214,53.8,53.29,54.19,53.2,3207503,0.9,53.81
20220211,53.32,55.51,55.58,52.96,3217615,-3.65,53.87
20220210,55.34,55.36,56.63,55.01,1838000,-1.74,55.69
20220209,56.32,56.02,56.57,55.93,2412614,2.03,56.27
20220208,55.2,54.74,55.59,54.26,2939440,1.15,55.09
20220207,54.57,54.69,55.05,54.41,1774463,-0.09,54.66
20220204,54.62,54.62,55.09,53.43,2154288,-0.87,54.5
20220203,55.1,56.29,56.54,54.92,2492850,-2.91,55.39
20220202,56.75,56.97,57.24,56.43,1419782,-0.11,56.77
20220201,56.81,56.24,57.07,55.6,1452829,1.07,56.52
20220131,56.21,55.08,56.36,54.73,1855468,1.98,55.91
20220128,55.12,54.6,55.14,53.34,2408443,0.53,54.25
20220127,54.83,56.69,57.22,54.61,2856317,-1.98,55.45
20220126,55.94,56.12,57.34,55.33,2630903,0.65,56.31
20220125,55.58,56.21,56.63,54.5,2617056,-2.76,55.33
20220124,57.16,56.24,57.26,54.42,2966619,-0.19,55.96
20220121,57.27,57.15,57.9,56.61,1964142,-0.66,57.33
20220120,57.65,58.25,59.38,57.51,1650743,-1.25,58.14
20220119,58.38,59.01,59.43,58.26,1343443,-0.39,58.72
20220118,58.61,58.54,59.12,58.16,1755895,-1.26,58.61
20220114,59.36,58.76,59.5,58.29,1793607,-0.27,58.99
20220113,59.52,59.85,60.45,59.3,1370607,-0.77,59.79
20220112,59.98,60.22,60.66,59.8,1084665,0.02,60.07
20220111,59.97,59.32,60.09,58.38,1542179,1.66,59.5
20220110,58.99,58.48,59.09,57.96,2098413,-0.52,58.65
20220107,59.3,60.33,60.87,59.25,1915692,-1.66,59.76
20220106,60.3,59.73,60.5,59.11,1359372,1.84,60.04
20220105,59.21,60.75,61.35,59.15,2537640,-2.52,59.99
20220104,60.74,60.15,61.07,59.73,1817746,1.86,60.65
20220103,59.63,62.2,62.64,59.32,1891419,-3.62,60.05
20211231,61.87,61.15,62.23,61.15,963844,1.01,61.81
20211230,61.25,61.42,62.0,61.25,755335,-0.24,61.42
20211229,61.4,61.28,61.59,61.08,754463,0.05,61.38
20211228,61.37,61.28,61.7,60.9,1240038,0.26,61.28
20211227,61.21,59.88,61.44,59.79,1194498,2.46,60.97
20211223,59.74,59.04,60.05,58.96,1135567,1.7,59.79
20211222,58.74,59.22,59.49,58.33,1136718,-0.73,58.76
20211221,59.17,58.53,59.53,58.1,1710851,2.25,59.14
20211220,57.87,57.42,57.94,56.9,2125746,-0.6,57.55
20211217,58.22,59.18,59.49,58.16,3633763,-2.02,58.65
20211216,59.42,59.72,60.68,58.77,1976244,-0.2,59.57
20211215,59.54,58.48,59.6,57.82,2476627,2.51,58.83
20211214,58.08,59.23,59.58,57.43,3195082,-2.62,58.06
20211213,59.64,59.56,60.3,59.48,1983188,0.08,59.75
20211210,59.59,60.0,60.19,59.25,1663561,-0.55,59.64
20211209,59.92,59.79,60.43,59.56,1107588,-0.38,60.02
20211208,60.15,59.51,60.21,58.92,2594548,0.7,59.69
20211207,59.73,59.33,60.42,59.22,2037474,1.69,59.92
20211206,58.74,59.33,59.71,58.72,2622248,0.41,59.01
20211203,58.5,59.61,59.61,57.57,2174118,-1.25,58.28
20211202,59.24,57.49,59.58,57.39,2407396,3.75,59.07
20211201,57.1,59.43,59.84,57.07,1460936,-2.13,58.22
20211130,58.34,59.25,60.14,58.02,2533669,-2.44,58.78
20211129,59.8,59.88,60.56,59.28,1995856,1.46,59.93
20211126,58.94,58.49,59.91,58.19,1882438,-3.41,59.32
20211124,61.02,60.02,61.04,60.0,1363055,0.54,60.75
20211123,60.69,59.71,60.76,59.45,1898579,1.29,60.26
20211122,59.92,61.74,62.05,59.88,1950424,-2.49,60.73
20211119,61.45,61.88,62.06,60.29,2726947,0.9,61.11
20211118,60.9,60.0,61.26,59.82,3510136,2.63,60.73
20211116,60.3,59.22,60.99,59.16,2037609,2.12,60.39
20211115,59.05,58.59,59.4,58.55,2399229,1.03,59.01
20211112,58.45,58.53,58.6,57.88,1364791,0.34,58.32
20211111,58.25,58.56,58.66,57.93,1071916,-0.24,58.27
20211110,58.39,59.1,59.49,58.29,1820875,-1.87,58.58
20211109,59.5,57.81,59.56,57.79,3092323,2.75,58.93
20211108,57.91,57.83,58.27,57.59,2282449,1.15,57.96
20211105,57.25,57.69,58.05,56.68,2936138,0.17,57.11
20211104,57.15,57.04,58.43,56.53,2181452,1.94,57.36
20211103,56.06,56.02,56.33,55.28,2088793,-0.3,55.87
20211102,56.23,54.5,56.25,54.0,2100498,3.19,55.83
20211101,54.49,53.92,54.79,53.88,1596955,1.36,54.52
20211029,53.76,54.01,54.48,53.5,2017106,-1.05,53.94
20211028,54.33,53.25,54.34,52.9,1549545,2.09,53.78
20211027,53.22,53.87,54.45,53.18,1491503,-1.33,53.74
20211026,53.94,54.77,54.8,53.89,1280526,-1.12,54.16
20211025,54.55,54.04,55.04,53.85,1618334,0.65,54.6
20211022,54.2,54.34,54.65,53.73,1037840,0.17,54.14
20211021,54.11,53.06,54.34,53.06,2405896,1.03,54.04
20211020,53.56,53.76,54.07,53.48,1412526,-0.02,53.74
20211019,53.57,53.36,53.9,53.3,1683959,1.23,53.6
20211018,52.92,52.06,53.08,51.9,1637575,0.78,52.76
20211015,52.51,52.66,53.08,52.47,1227539,0.46,52.66
20211014,52.27,51.19,52.3,50.9,1748276,3.02,51.88
20211013,50.74,50.12,50.85,49.75,1639987,1.7,50.57
20211012,49.89,50.18,50.58,49.71,1555868,-0.36,50.16
20211011,50.07,50.83,51.17,50.06,1374044,-1.8,50.55
20211008,50.99,51.41,51.77,50.7,1341569,-1.37,51.13
20211007,51.7,51.8,52.45,51.67,2231111,1.04,51.96
20211006,51.17,50.44,51.31,50.05,3153643,-0.08,50.99
20211005,51.21,50.86,51.76,50.5,1607036,0.93,51.4
20211004,50.74,50.97,51.36,50.54,1569495,-0.26,50.84
20211001,50.87,50.63,51.17,50.02,1195250,0.91,50.71
20210930,50.41,51.57,51.64,50.38,2822989,-1.95,50.91
20210929,51.41,51.75,52.0,51.24,1971540,-0.29,51.51
20210928,51.56,52.84,53.17,51.32,2336001,-3.41,51.79
20210927,53.38,53.63,54.74,53.33,2818965,-0.24,53.92
20210924,53.51,53.6,53.97,53.21,1516039,-0.24,53.55
20210923,53.64,53.16,53.78,53.03,2455753,1.4,53.49
20210922,52.9,53.45,53.73,52.84,2314607,-0.04,53.19
20210921,52.92,53.33,53.42,52.16,2089729,-0.13,52.95
20210920,52.99,53.13,53.53,52.35,2695739,-2.41,52.96
20210917,54.3,53.96,54.71,53.81,8790988,-0.49,54.29
20210916,54.57,54.75,55.18,54.2,2918987,-0.75,54.62
20210915,54.98,53.44,55.02,53.23,3058854,2.67,54.58
20210914,53.55,54.31,54.32,52.87,2503977,-0.83,53.55
20210913,54.0,55.31,55.62,53.4,3969067,-1.33,54.15
20210910,54.73,54.45,55.24,54.12,3678094,1.56,54.71
20210909,53.89,52.72,54.15,52.72,3857671,2.22,53.81
20210908,52.72,51.56,52.86,51.41,2758284,1.85,52.33
20210907,51.76,52.74,53.08,51.48,2501603,-2.23,51.84
20210903,52.94,53.88,54.21,52.63,3760008,-1.58,53.38
20210902,53.79,53.43,54.46,52.9,3853251,1.99,53.84
20210901,52.74,53.31,53.31,52.38,1986761,-0.53,52.76
20210831,53.02,53.22,53.42,52.65,2150628,-0.43,53.01
20210830,53.25,52.89,53.54,52.45,2040892,0.76,53.21
20210827,52.85,52.08,53.39,51.76,3398193,1.99,52.9
20210826,51.82,51.99,52.2,51.33,2154185,-0.52,51.65
20210825,52.09,51.99,52.4,51.66,2109438,0.56,52.1
20210824,51.8,51.09,52.0,51.09,1538358,1.67,51.75
20210823,50.95,50.58,51.27,50.49,1625802,1.74,51.03
20210820,50.08,49.75,50.14,49.45,1478896,0.68,49.91
20210819,49.74,50.0,50.21,49.31,2228520,-1.47,49.82
20210818,50.48,50.72,51.09,50.41,1543251,-0.73,50.77
20210817,50.85,51.97,52.09,50.67,2778136,-2.77,51.07
20210816,52.3,52.24,52.47,51.67,1677321,-0.25,52.2
20210813,52.43,52.0,52.65,51.85,2798978,0.81,52.38
20210812,52.01,51.6,52.07,51.45,2278634,0.93,51.87
20210811,51.53,51.2,51.53,50.67,2295802,0.92,51.25
20210810,51.06,49.56,51.11,49.47,2676071,3.11,50.72
20210809,49.52,49.6,49.79,49.04,2136352,-0.6,49.52
20210806,49.82,50.41,50.88,49.78,4559918,-0.56,50.01
20210805,50.1,50.72,51.39,49.9,6795539,-0.44,50.34
20210804,50.32,49.72,51.02,49.37,10407278,1.31,50.46
20210803,49.67,48.7,49.8,47.92,2540396,2.69,49.23
20210802,48.37,48.96,49.86,48.31,1872471,-1.02,48.8
20210730,48.87,48.24,48.92,48.0,2133411,1.43,48.61
20210729,48.18,47.25,48.62,47.25,2535688,1.5,48.14
20210728,47.47,48.12,48.33,47.35,2336082,-1.53,47.66
20210727,48.21,48.29,48.94,48.08,1457554,-1.31,48.33
20210726,48.85,48.75,49.06,48.56,961446,0.49,48.81
20210723,48.61,48.86,49.06,48.12,1902371,0.23,48.41
20210722,48.5,48.79,48.97,48.34,1927213,-0.27,48.64
20210721,48.63,48.45,48.97,48.34,1470772,1.0,48.55
20210720,48.15,46.5,48.24,46.33,2019515,4.11,47.73
20210719,46.25,46.68,47.05,45.85,2869399,-3.97,46.23
20210716,48.16,48.32,48.9,48.1,1986693,0.06,48.39
20210715,48.13,47.85,48.67,47.65,2133148,0.12,48.08
20210714,48.07,48.62,49.01,47.91,1616428,-1.05,48.16
20210713,48.58,49.22,49.3,48.45,1358253,-1.62,48.71
20210712,49.38,49.5,49.7,49.15,1379207,0.0,49.36
20210709,49.38,49.0,49.57,48.85,2387834,2.32,49.32
20210708,48.26,48.61,48.89,48.08,3427560,-2.21,48.49
20210707,49.35,48.08,49.43,48.02,5196176,2.26,49.01
20210706,48.26,49.18,49.23,47.83,1641085,-0.68,48.25
20210702,48.59,48.68,48.83,48.4,1395203,-0.04,48.61
20210701,48.61,49.14,49.39,48.53,2428489,-0.41,48.74
20210630,48.81,48.42,49.03,48.42,1631020,0.56,48.79
20210629,48.54,49.03,49.31,48.51,1353622,-0.61,48.77
20210628,48.84,49.1,49.14,48.11,1897377,-0.29,48.81
20210625,48.98,47.98,49.13,47.89,4373902,2.81,48.82
20210624,47.64,47.15,47.9,46.77,2688572,1.77,47.57
20210623,46.81,46.63,47.04,46.32,1639655,0.45,46.85
20210622,46.6,47.05,47.05,46.22,1342712,-0.68,46.6
20210621,46.92,45.95,47.0,45.95,2217714,3.12,46.8
20210618,45.5,45.16,46.4,45.01,4231809,-1.07,45.67
20210617,45.99,48.29,48.51,45.95,5323469,-3.67,46.72
20210616,47.74,47.16,47.94,46.76,4021276,0.89,47.49
20210615,47.32,47.66,47.76,47.2,2321813,-0.44,47.35
20210614,47.53,47.97,47.99,47.36,1651882,-0.88,47.54
20210611,47.95,47.67,47.96,47.53,1390585,1.25,47.77
20210610,47.36,48.04,48.06,47.34,1288883,-0.65,47.51
20210609,47.67,48.34,48.34,47.64,1333978,-1.71,47.82
20210608,48.5,48.07,48.72,47.67,1323324,0.6,48.36
20210607,48.21,49.39,49.42,48.13,1510726,-2.03,48.41
20210604,49.21,49.36,49.69,49.05,1268029,0.14,49.26
20210603,49.14,49.46,49.53,49.02,1225957,-1.19,49.23
20210602,49.73,50.04,50.26,49.52,1467187,-0.6,49.75
20210601,50.03,50.33,50.61,50.02,1420204,0.79,50.26
20210528,49.64,49.8,49.8,49.23,1423271,-0.06,49.6
20210527,49.67,49.65,49.98,49.33,3222176,1.02,49.65
20210526,49.17,48.77,49.19,48.64,1227915,1.01,48.97
20210525,48.68,49.55,49.9,48.67,1639872,-1.84,49.05
20210524,49.59,49.13,49.78,48.86,2005078,1.47,49.48
20210521,48.87,48.76,49.41,48.54,2448712,1.24,48.99
20210520,48.27,48.21,48.46,47.59,4048087,1.11,48.17
20210519,47.74,47.74,47.91,46.76,3191955,-1.4,47.52
20210518,48.42,48.75,48.77,48.03,3333615,-0.7,48.51
20210517,48.76,48.36,48.96,47.83,2890541,0.45,48.57
20210514,48.54,47.94,48.76,47.75,2549892,2.04,48.43
20210513,47.57,47.07,47.96,47.07,1471050,0.93,47.68
20210512,47.13,48.29,48.51,47.03,2343185,-2.14,47.51
20210511,48.16,47.89,48.92,47.21,6757602,-3.91,48.05
20210510,50.12,50.86,51.6,50.11,1466226,-0.81,50.73
20210507,50.53,49.27,50.69,48.87,1704397,2.02,50.3
20210506,49.53,49.42,49.69,48.99,1353267,0.24,49.36
20210505,49.41,49.47,49.66,49.27,1021148,0.41,49.33
20210504,49.21,48.09,49.27,47.62,1932309,1.88,48.77
20210503,48.3,49.53,49.79,48.25,2869509,-2.25,48.72
20210430,49.41,50.72,50.99,49.29,3395155,-3.57,49.85
20210429,51.24,50.31,51.7,49.77,3262711,-1.35,51.07
20210428,51.94,51.05,52.12,50.97,3504303,1.43,51.89
20210427,51.21,51.46,51.46,50.65,1311326,-0.04,51.26
20210426,51.23,51.58,52.0,51.21,2057161,-0.76,51.49
20210423,51.62,51.51,51.89,51.08,1850771,0.74,51.58
20210422,51.24,50.96,52.12,50.59,2670857,0.57,51.48
20210421,50.95,50.12,51.13,49.81,2138783,1.21,50.79
20210420,50.34,50.86,50.9,49.48,2987726,-1.12,50.05
20210419,50.91,50.08,50.96,50.01,2344825,1.33,50.59
20210416,50.24,49.81,50.38,49.52,2712723,1.82,50.0
20210415,49.34,49.52,49.74,49.02,2173370,-0.12,49.38
20210414,49.4,49.36,50.12,49.32,1988202,0.35,49.64
20210413,49.23,49.87,49.92,48.63,2741829,-1.83,49.17
20210412,50.15,51.44,51.49,49.92,2413686,-0.85,50.26
20210409,50.58,50.57,50.73,49.73,1293044,0.52,50.43
20210408,50.32,50.05,50.4,49.33,1515742,0.36,50.1
20210407,50.14,50.08,50.35,49.52,1493175,-0.18,50.13
20210406,50.23,50.36,50.77,49.91,1245221,0.28,50.42
20210405,50.09,50.02,50.57,49.86,1794096,0.97,50.2
20210401,49.61,49.41,49.72,48.93,1826162,0.81,49.34
20210331,49.21,50.1,50.92,49.17,2102774,-1.66,49.6
20210330,50.04,49.75,50.39,49.42,2060362,0.91,50.07
20210329,49.59,49.59,49.97,49.37,1147439,-0.24,49.63
20210326,49.71,49.26,49.96,48.79,970315,2.01,49.42
20210325,48.73,47.89,48.99,46.94,1629804,0.81,48.15
20210324,48.34,47.54,48.95,47.54,1770115,2.55,48.53
20210323,47.14,48.24,48.72,46.94,1572406,-3.42,47.5
20210322,48.81,49.4,49.4,48.02,1852068,-1.29,48.65
20210319,49.45,49.63,49.99,48.51,6181840,-0.58,49.5
20210318,49.74,49.78,50.9,49.46,1995533,-0.08,50.21
20210317,49.78,49.09,50.02,48.56,1265905,1.72,49.5
20210316,48.94,50.31,50.51,48.94,1391411,-3.59,49.31
20210315,50.76,49.53,50.79,49.18,2006229,2.34,50.17
20210312,49.6,49.13,49.71,48.86,2113419,1.18,49.34
20210311,49.02,49.02,49.95,48.73,1404370,0.1,49.27
20210310,48.97,48.72,49.44,47.91,1453626,1.83,48.79
20210309,48.09,50.53,50.55,48.08,2214176,-4.87,48.88
20210308,50.55,49.82,51.61,49.49,6392399,2.14,50.69
20210305,49.49,47.62,49.68,46.81,3619262,5.16,48.35
20210304,47.06,46.64,47.74,46.0,3411309,0.53,46.94
20210303,46.81,46.71,47.5,46.6,2809372,0.02,47.02
20210302,46.8,47.27,47.5,46.75,1547771,-1.39,46.97
20210301,47.46,47.04,47.97,46.99,1976092,2.42,47.5
20210226,46.34,46.37,46.93,45.72,2379822,-0.02,46.46
20210225,46.35,48.01,48.92,46.2,3532879,-3.64,46.98
20210224,48.1,45.84,48.26,45.46,4062911,5.53,47.62
20210223,45.58,44.68,46.99,43.96,4562660,4.14,45.31
20210222,43.77,43.49,44.82,43.33,3405325,-0.27,44.02
20210219,43.89,43.05,44.31,43.05,1606962,2.62,43.93
20210218,42.77,42.7,43.01,42.0,1249907,-0.51,42.61
20210217,42.99,43.44,43.58,42.83,977313,-1.33,43.06
20210216,43.57,44.27,44.5,43.3,1314283,-0.8,43.69
20210212,43.92,43.89,44.37,43.41,1683265,-0.25,43.8
20210211,44.03,44.44,45.27,43.5,1742272,-0.97,44.15
20210210,44.46,44.21,44.64,43.8,1533870,0.88,44.36
20210209,44.07,43.78,44.53,43.68,1339147,0.05,44.08
20210208,44.05,43.84,44.2,43.69,1273822,0.62,43.9
20210205,43.78,43.55,44.11,43.19,1353486,1.84,43.8
20210204,42.99,43.78,44.04,42.85,4587613,-1.31,43.07
20210203,43.56,43.12,43.74,42.84,1254818,0.41,43.45
20210202,43.38,43.13,43.66,42.62,1252555,1.83,43.32
20210201,42.6,42.39,42.71,41.68,3073733,1.82,42.29
20210129,41.84,42.37,42.65,41.4,3164763,-1.88,41.9
20210128,42.64,41.48,42.99,41.21,2134906,4.48,42.47
20210127,40.81,42.56,42.6,40.64,2178404,-6.38,41.32
20210126,43.59,44.9,45.24,43.58,1468174,-2.07,44.08
20210125,44.51,45.0,45.22,44.16,1824395,-1.59,44.65
20210122,45.23,45.43,45.71,45.01,1317545,-1.16,45.3
20210121,45.76,45.93,46.23,45.71,1100148,-0.5,45.93
20210120,45.99,46.45,46.71,45.82,1367033,-0.65,46.15
20210119,46.29,46.36,46.59,45.93,1641592,0.83,46.33
20210115,45.91,47.17,47.3,45.54,4560176,-0.93,46.06
20210114,46.34,46.39,46.78,45.93,1798119,0.56,46.37
20210113,46.08,46.87,47.17,46.08,1577116,-2.08,46.44
20210112,47.06,46.99,47.78,46.54,1244915,1.23,47.21
20210111,46.49,45.91,46.68,45.59,739750,0.19,46.45
20210108,46.4,47.13,47.46,45.83,1658418,-1.32,46.39
20210107,47.02,47.01,47.41,46.58,990740,0.73,47.03
20210106,46.68,45.86,47.65,45.79,1968322,3.27,46.94
20210105,45.2,44.37,45.41,44.37,1792310,2.01,44.96
20210104,44.31,45.68,45.76,43.84,2229758,-2.74,44.46
20201231,45.56,45.25,45.64,44.43,1485749,0.71,45.3
20201230,45.24,44.5,45.38,44.5,1416138,1.71,45.17
20201229,44.48,45.19,45.43,44.15,1009902,-1.37,44.53
20201228,45.1,46.29,46.82,45.05,1104560,-2.02,45.62
20201224,46.03,45.78,46.04,45.19,609732,0.59,45.79
20201223,45.76,45.78,45.99,45.33,858141,0.44,45.71
20201222,45.56,45.81,45.98,45.5,1518329,-0.22,45.69
20201221,45.66,44.28,45.7,44.01,1527124,0.97,45.2
20201218,45.22,45.54,45.89,44.9,5222223,-0.48,45.28
20201217,45.44,44.44,45.57,43.96,2260285,2.53,45.12
20201216,44.32,44.83,44.85,43.83,1472045,-0.98,44.29
20201215,44.76,44.5,44.93,43.87,1688714,2.05,44.57
20201214,43.86,45.25,45.46,43.75,2268264,-1.04,44.39
20201211,44.32,44.3,44.63,44.08,2631589,-1.05,44.38
20201210,44.79,44.71,44.93,44.43,2208169,-0.44,44.78
20201209,44.99,44.8,45.08,44.67,2147475,1.01,44.93
20201208,44.54,44.04,44.58,44.01,2139479,0.47,44.46
20201207,44.33,45.1,45.25,44.17,1975623,-1.9,44.47
20201204,45.19,44.8,45.45,44.8,1578785,1.64,45.2
20201203,44.46,44.21,44.98,44.01,1720589,0.29,44.62
20201202,44.33,44.44,44.9,44.02,1755606,-1.05,44.49
20201201,44.8,45.03,45.64,44.76,2909407,1.2,45.01
20201130,44.27,44.58,44.89,44.03,2517327,-1.18,44.3
20201127,44.8,45.19,45.19,44.63,594908,-0.02,44.85
20201125,44.81,45.33,45.33,44.73,1006403,-1.45,44.9
20201124,45.47,45.29,45.58,44.94,2076343,2.23,45.33
20201123,44.48,44.79,45.08,44.46,1778031,0.5,44.64
20201120,44.26,44.27,44.45,43.91,1433436,0.14,44.2
20201119,44.2,43.71,44.31,43.43,1525832,0.66,44.04
20201118,43.91,44.97,44.99,43.89,1433110,-1.64,44.48
20201117,44.64,44.56,44.97,43.75,1710808,-0.78,44.66
20201116,44.99,43.61,45.0,43.23,3243441,5.22,44.6
20201113,42.76,42.98,43.77,42.52,2796040,0.61,42.97
20201112,42.5,42.15,42.87,42.02,1600359,-0.26,42.47
20201111,42.61,43.15,43.17,42.2,1431664,-0.33,42.58
20201110,42.75,42.5,43.85,42.47,3259596,-0.07,43.11
20201109,42.78,42.01,45.53,42.01,4984926,6.29,43.04
20201106,40.25,39.67,40.46,39.65,1899006,1.13,40.19
20201105,39.8,38.57,40.21,38.16,2432644,4.54,39.78
20201104,38.07,38.69,38.72,37.0,3710946,-1.75,38.06
20201103,38.75,36.32,38.99,36.04,3722004,7.7,38.12
20201102,35.98,35.56,36.13,35.36,2145461,2.98,35.86
20201030,34.94,34.95,35.28,34.37,2367397,-0.4,34.76
20201029,35.08,35.06,35.46,34.69,1847754,-0.45,35.1
20201028,35.24,35.35,35.9,35.15,1918041,-2.38,35.37
20201027,36.1,36.5,36.8,35.94,1882026,-1.26,36.2
20201026,36.56,37.75,37.75,36.02,2369331,-4.47,36.5
20201023,38.27,38.18,38.38,37.46,1826056,0.9,38.04
20201022,37.93,37.17,38.04,37.07,1382233,1.8,37.86
20201021,37.26,37.28,37.91,37.24,1639594,0.05,37.46
20201020,37.24,36.94,37.79,36.93,1932810,1.75,37.35
20201019,36.6,37.16,37.46,36.52,2084131,-1.67,36.79
20201016,37.22,37.46,37.98,37.21,1583652,0.4,37.47
20201015,37.07,36.56,37.15,36.31,2605294,-0.8,36.88
20201014,37.37,37.57,38.1,37.3,2631859,-0.43,37.64
20201013,37.53,37.09,37.64,37.06,2557926,0.86,37.46
20201012,37.21,37.3,37.41,36.9,2029168,0.22,37.21
20201009,37.13,37.58,37.78,37.1,1896054,-0.27,37.32
20201008,37.23,36.9,37.31,36.49,2151748,1.55,37.02
20201007,36.66,36.92,37.15,36.44,4214688,0.58,36.75
20201006,36.45,37.01,37.43,36.38,2274921,-1.25,36.85
20201005,36.91,36.59,37.11,36.45,2111460,2.3,36.9
20201002,36.08,34.99,36.58,34.86,1920678,1.43,36.13
20201001,35.57,35.89,36.09,35.13,1417149,-0.08,35.55
20200930,35.6,35.91,36.43,35.21,2066146,-0.75,35.74
20200929,35.87,36.18,36.55,35.67,1469965,-0.5,35.94
20200928,36.05,36.03,36.77,35.88,2351542,1.92,36.33
20200925,35.37,35.04,35.62,34.84,1784062,0.0,35.34
20200924,35.37,35.19,35.97,34.2,2020557,0.97,35.44
20200923,35.03,35.23,35.79,35.01,2096232,-0.2,35.33
20200922,35.1,34.53,35.21,34.48,2722818,1.27,34.99
20200921,34.66,35.14,35.44,34.02,2532539,-3.45,34.53
20200918,35.9,37.06,37.34,35.82,8330320,-3.47,36.14
20200917,37.19,36.5,37.63,36.1,3145746,0.7,37.26
20200916,36.93,36.56,37.39,36.46,2938104,1.65,37.0
20200915,36.33,36.37,36.6,35.99,1992811,0.03,36.4
20200914,36.32,36.01,36.39,35.82,1947315,0.95,36.18
20200911,35.98,35.23,36.1,35.03,2233053,2.71,35.81
20200910,35.03,35.42,35.76,34.96,2076653,-1.1,35.31
20200909,35.42,34.86,35.67,34.66,1957585,2.76,35.35
20200908,34.47,35.07,35.11,34.05,3019946,-2.38,34.57
20200904,35.31,35.89,36.2,35.19,2165626,-0.23,35.52
20200903,35.39,36.1,36.34,35.03,2024773,-1.97,35.49
20200902,36.1,36.26,36.35,35.68,2314712,-0.3,36.01
20200901,36.21,34.92,36.23,34.6,1895434,3.28,35.87
20200831,35.06,35.84,35.84,35.06,1779844,-1.96,35.24
20200828,35.76,35.39,35.84,35.21,2418522,1.33,35.65
20200827,35.29,35.39,35.51,35.08,1421594,0.37,35.29
20200826,35.16,35.17,35.39,34.89,1146834,-0.23,35.14
20200825,35.24,35.56,35.64,34.94,1303252,-0.56,35.19
20200824,35.44,34.94,35.45,34.71,1300502,2.1,35.25
20200821,34.71,34.6,34.92,34.43,1358646,0.23,34.69
20200820,34.63,34.0,34.7,33.83,1647595,0.58,34.54
20200819,34.43,34.68,34.98,34.3,1362983,-0.55,34.57
20200818,34.62,34.73,35.01,34.6,1913795,-0.55,34.74
20200817,34.81,35.45,35.54,34.68,1595522,-1.67,34.93
20200814,35.4,34.85,35.6,34.52,1569675,0.8,35.34
20200813,35.12,35.37,35.46,35.04,1698331,-1.38,35.21
20200812,35.61,36.07,36.19,35.38,1977127,-0.7,35.67
20200811,35.86,35.36,36.24,35.36,3622339,2.37,35.89
20200810,35.03,33.96,35.04,33.81,3466524,3.33,34.69
20200807,33.9,32.94,33.92,32.76,2910571,2.6,33.37
20200806,33.04,32.84,33.18,32.54,1841415,0.43,32.91
20200805,32.9,32.94,33.6,32.79,2354899,0.77,33.09
20200804,32.65,32.94,33.51,32.09,5155770,0.06,32.68
20200803,32.63,31.84,32.66,31.65,2942306,3.29,32.4
20200731,31.59,31.66,32.08,31.01,2655271,-0.69,31.48
20200730,31.81,31.67,31.91,31.24,1796163,-1.09,31.69
20200729,32.16,31.63,32.16,31.4,1909724,2.58,31.95
20200728,31.35,31.87,31.97,31.18,3074781,-1.48,31.43
20200727,31.82,31.78,31.96,31.42,1858917,0.7,31.75
20200724,31.6,31.68,31.79,31.28,2419779,-0.09,31.52
20200723,31.63,31.8,32.11,31.41,1984663,-0.85,31.65
20200722,31.9,31.72,32.15,31.51,2432487,0.79,31.95
20200721,31.65,31.5,32.0,31.4,3140190,1.12,31.71
20200720,31.3,30.61,31.38,30.41,3127760,2.12,31.16
20200717,30.65,30.81,31.14,30.41,2900325,-0.1,30.65
20200716,30.68,30.89,31.32,30.45,2612074,-0.9,30.92
20200715,30.96,30.17,31.05,30.17,3439413,4.14,30.79
20200714,29.73,28.68,29.76,28.43,3024503,3.84,29.42
20200713,28.63,28.55,29.31,28.4,3631771,1.13,28.82
20200710,28.31,27.82,28.41,27.78,3574541,1.62,28.23
20200709,27.86,28.0,28.11,27.16,2904944,-0.92,27.69
20200708,28.12,28.08,28.41,27.72,2624582,0.07,28.06
20200707,28.1,29.11,29.14,28.07,2380554,-4.13,28.41
20200706,29.31,28.92,29.4,28.62,2797641,2.99,29.03
20200702,28.46,28.61,29.22,28.35,3861357,1.5,28.78
20200701,28.04,28.18,28.65,27.91,3287061,-0.28,28.16
20200629,28.11,27.49,28.3,27.27,3721672,3.23,27.96
20200626,27.23,27.51,27.77,27.08,9657301,-1.23,27.29
20200625,27.57,27.36,27.68,26.81,6608238,0.25,27.36
20200624,27.5,28.69,28.69,26.72,10711555,-5.11,27.46
20200623,28.98,29.51,29.64,28.86,4871277,-0.65,29.11
20200622,29.17,28.61,29.45,28.43,4126008,1.25,29.12
20200619,28.81,29.83,29.85,28.79,6945785,-1.94,29.06
20200618,29.38,29.41,30.26,29.32,5166168,-0.58,29.6
20200617,29.55,30.5,30.96,29.48,11689004,-5.8,30.13
20200616,31.37,32.64,33.07,31.12,4577156,1.13,31.72
20200615,31.02,30.04,31.22,29.59,4265547,-0.64,30.66
20200612,31.22,31.97,32.16,30.52,3081943,1.53,31.21
20200611,30.75,31.26,31.53,30.66,5547621,-6.19,31.04
20200610,32.78,32.93,33.27,32.56,3278004,-0.94,32.92
20200609,33.09,34.31,34.49,33.01,3333721,-5.54,33.38
20200608,35.03,34.85,35.1,33.42,6191223,5.39,34.35
20200605,33.24,32.08,33.97,32.0,6281856,8.34,33.41
20200604,30.68,30.63,31.28,30.43,3246142,-0.36,30.82
20200603,30.79,29.33,30.86,29.12,3020155,6.72,30.37
20200602,28.85,29.04,29.35,28.59,2427836,0.31,28.99
20200601,28.76,28.19,28.88,27.71,2916735,1.99,28.5
20200529,28.2,28.56,28.68,27.75,5718598,-1.91,28.17
20200528,28.75,28.0,29.37,27.93,6700145,-4.17,28.83
20200527,30.0,31.01,31.69,29.9,3437218,-1.35,30.24
20200526,30.41,29.5,30.85,29.29,3931816,6.55,30.25
20200522,28.54,29.46,29.46,28.43,2312013,-2.96,28.64
20200521,29.41,28.95,29.41,28.65,2218191,1.34,29.13
20200520,29.02,28.87,29.66,28.68,2766555,1.9,29.05
20200519,28.48,28.52,29.12,28.08,4321988,-0.77,28.67
20200518,28.7,27.31,28.96,27.31,2445971,8.63,28.46
20200515,26.42,26.44,26.88,26.22,3029217,-1.09,26.52
20200514,26.71,25.42,27.14,24.81,3223903,3.05,26.09
20200513,25.92,27.03,27.06,25.37,4952192,-5.61,25.89
20200512,27.46,27.51,29.4,27.4,5602109,-5.6,28.41
20200511,29.09,28.89,29.33,28.15,2878059,-0.27,28.86
20200508,29.17,28.21,29.19,27.95,1869989,5.38,28.82
20200507,27.68,27.74,28.27,27.58,1705738,1.47,27.89
20200506,27.28,27.74,27.79,27.09,1515638,-1.12,27.37
20200505,27.59,27.51,28.38,27.51,2074003,0.8,27.9
20200504,27.37,27.75,27.76,26.78,1763521,-2.7,27.21
20200501,28.13,28.65,28.76,27.61,1507844,-3.27,27.97
20200430,29.08,29.91,29.95,28.87,2507212,-4.09,29.21
20200429,30.32,30.0,30.48,29.71,2132596,3.59,30.22
20200428,29.27,29.39,30.0,28.73,2800877,1.74,29.29
20200427,28.77,28.08,29.43,27.86,3505470,3.41,28.75
20200424,27.82,27.63,28.1,27.24,3126059,1.68,27.76
20200423,27.36,27.0,28.09,26.83,2991293,2.01,27.59
20200422,26.82,26.81,27.1,25.95,2641890,1.67,26.57
20200421,26.38,25.7,26.54,25.6,3174079,-0.19,26.28
20200420,26.43,26.25,27.12,25.63,4002871,-1.42,26.53
20200417,26.81,25.41,26.99,25.31,3811440,8.98,26.44
20200416,24.6,24.19,24.78,23.21,3761873,0.99,24.19
20200415,24.36,25.52,25.57,24.15,2597121,-7.55,24.58
20200414,26.35,26.88,27.46,26.1,2551422,0.5,26.47
20200413,26.22,26.48,26.94,25.63,3164185,-1.06,26.17
20200409,26.5,26.15,27.51,25.87,3299767,3.11,26.76
20200408,25.7,24.9,25.85,24.43,3268917,3.55,25.11
20200407,24.82,26.46,26.82,24.63,4253090,-2.4,25.54
20200406,25.43,24.65,26.04,24.55,5045172,8.26,25.13
20200403,23.49,23.05,23.89,22.57,3826767,1.95,23.3
20200402,23.04,23.53,24.69,22.59,6383199,-3.15,23.43
20200401,23.79,23.94,25.1,23.6,7902867,-4.07,24.28
20200331,24.8,23.53,25.14,23.53,6458899,4.42,24.68
20200330,23.75,22.74,23.93,22.18,3760198,4.95,23.35
20200327,22.63,22.38,23.06,21.69,4304457,-3.33,22.35
20200326,23.41,22.59,24.13,22.53,5518516,0.56,23.32
20200325,23.28,22.7,25.23,21.52,5175625,3.88,23.44
20200324,22.41,20.59,22.57,19.79,4696875,14.92,21.81
20200323,19.5,19.49,20.21,18.28,6477852,-0.56,19.13
20200320,19.61,20.22,21.39,19.37,5900340,-2.0,20.18
20200319,20.01,18.91,22.35,18.82,5737457,4.11,19.87
20200318,19.22,19.83,20.41,17.01,8292680,-10.77,18.46
20200317,21.54,21.5,22.61,20.75,7718344,1.36,21.6
20200316,21.25,20.34,22.04,19.69,6441789,-7.61,21.3
20200313,23.0,22.44,23.56,20.2,8556234,7.78,21.54
20200312,21.34,20.97,22.83,19.89,10578856,-9.15,21.54
20200311,23.49,23.18,24.14,22.46,10683750,-1.55,23.23
20200310,23.86,24.25,24.51,21.86,10318536,2.27,23.06
20200309,23.33,25.55,26.16,22.87,11306360,-16.05,23.46
20200306,27.79,25.35,28.79,24.68,17039657,3.58,27.22
20200305,26.83,29.91,30.14,26.78,15758692,-13.31,28.37
20200304,30.95,31.82,32.0,29.79,25202770,-2.37,30.71
20200303,31.7,32.6,32.9,30.67,18033551,-3.35,31.72
20200302,32.8,33.06,34.75,32.58,38314946,0.03,33.16
20200228,32.79,32.92,33.59,31.05,9109512,-2.44,32.24
20200227,33.61,34.6,35.61,33.59,3235314,-5.99,34.61
20200226,35.75,36.07,36.29,35.45,2791451,0.06,35.85
20200225,35.73,36.83,36.89,35.4,3193193,-2.27,35.84
20200224,36.56,37.28,37.42,36.56,2042340,-5.31,36.98
20200221,38.61,38.38,38.96,38.28,2869873,-0.1,38.63
20200220,38.65,37.45,38.69,37.37,1834064,2.63,38.3
20200219,37.66,37.7,38.21,37.21,1948430,0.29,37.82
20200218,37.55,36.47,37.92,36.15,3619936,1.95,37.25
20200214,36.83,37.65,37.71,36.74,2220326,-1.92,37.14
20200213,37.55,38.28,38.57,37.46,1065239,-2.42,37.95
20200212,38.48,38.0,38.88,37.96,1770848,1.96,38.49
20200211,37.74,37.8,38.21,37.54,1271965,0.48,37.91
20200210,37.56,36.96,37.58,36.86,1764635,1.27,37.2
20200207,37.09,37.21,37.62,36.63,2812087,0.19,37.27
20200206,37.02,36.79,37.08,36.3,1151950,0.73,36.72
20200205,36.75,37.08,37.08,36.47,842241,0.52,36.71
20200204,36.56,36.51,37.22,36.3,1085455,2.21,36.76
20200203,35.77,35.57,36.43,35.39,583727,1.3,36.0
20200131,35.31,35.89,36.09,35.1,935962,-2.49,35.38
20200130,36.21,35.8,36.53,35.6,740491,0.3,36.04
20200129,36.1,35.75,36.34,35.47,906413,1.46,36.09
20200128,35.58,34.7,35.77,34.6,1319389,3.07,35.53
20200127,34.52,34.06,35.34,33.93,1406242,-0.4,34.62
20200124,34.66,34.9,34.9,34.27,773834,-0.6,34.61
20200123,34.87,34.17,35.06,33.93,884221,1.07,34.73
20200122,34.5,34.79,34.98,34.47,443550,-0.17,34.63
20200121,34.56,35.1,35.46,34.55,1096383,-2.59,34.66
20200117,35.48,35.2,35.73,34.97,578873,1.05,35.46
20200116,35.11,34.74,35.26,34.74,762364,1.77,35.07
20200115,34.5,34.86,35.14,34.27,2566975,-1.23,34.58
20200114,34.93,35.35,35.52,34.78,911138,-1.44,35.07
20200113,35.44,35.29,35.55,35.13,508758,0.85,35.42
20200110,35.14,35.73,35.88,34.87,985709,-1.84,35.18
20200109,35.8,35.97,36.06,35.6,648790,0.14,35.75
20200108,35.75,36.07,36.53,35.68,1131695,-0.72,35.93
20200107,36.01,36.17,36.4,35.9,839463,-0.74,36.06
20200106,36.28,36.5,36.6,36.11,807321,-1.2,36.24
20200103,36.72,36.51,36.84,36.29,694531,-0.43,36.58
20200102,36.88,36.88,37.03,36.41,917086,0.55,36.6
20191231,36.68,36.46,36.96,36.26,1035489,0.52,36.75
20191230,36.49,36.97,36.99,36.41,1058397,-1.24,36.66
20191227,36.95,37.0,37.13,36.92,714344,0.0,37.0
20191226,36.95,36.88,37.16,36.71,494366,0.46,36.89
20191224,36.78,37.0,37.24,36.71,268533,-0.27,36.81
20191223,36.88,36.73,37.05,36.35,749632,0.66,36.76
20191220,36.64,36.55,37.04,36.34,1967452,0.41,36.69
20191219,36.49,36.49,36.84,36.21,816012,0.91,36.55
20191218,36.16,36.21,36.66,35.83,1757471,0.22,36.06
20191217,36.08,36.22,36.37,35.73,1779493,-0.28,36.1
20191216,36.18,35.83,36.19,35.51,1340333,1.8,36.01
20191213,35.54,34.93,35.89,34.93,2092734,1.48,35.58
20191212,35.02,34.24,35.07,34.18,1253214,2.13,34.71
20191211,34.29,33.85,34.42,33.75,699267,2.54,34.17
20191210,33.44,33.05,33.77,33.05,1121446,-1.21,33.48
20191209,33.85,33.98,34.09,33.79,637126,-0.7,33.9
20191206,34.09,33.78,34.13,33.76,531836,1.7,34.05
20191205,33.52,33.51,33.85,33.33,672811,0.42,33.51
20191204,33.38,33.44,33.86,33.31,890248,0.33,33.57
20191203,33.27,33.09,33.4,32.88,642311,-0.8,33.25
20191202,33.54,34.01,34.25,33.54,952036,-0.97,33.83
20191129,33.87,34.08,34.3,33.85,383683,-0.73,34.05
20191127,34.12,33.96,34.23,33.58,815615,0.53,34.0
20191126,33.94,33.92,34.0,33.36,963420,-0.03,33.89
20191125,33.95,33.67,34.14,33.39,1081370,0.86,33.97
20191122,33.66,33.31,33.71,33.15,613833,1.39,33.52
20191121,33.2,33.59,33.59,33.06,976743,-1.13,33.2
20191120,33.58,33.56,34.08,33.34,766683,-0.24,33.71
20191119,33.66,33.85,34.21,33.52,2363523,-0.24,33.86
20191118,33.74,33.65,33.79,33.19,814243,0.27,33.6
20191115,33.65,33.21,33.77,33.15,835615,1.97,33.61
20191114,33.0,33.28,33.39,32.88,876363,-1.14,33.03
20191113,33.38,33.26,33.48,32.86,666255,-0.74,33.28
20191112,33.63,33.78,34.01,33.58,849768,-0.56,33.74
20191111,33.82,33.39,33.88,33.27,841168,0.27,33.73
20191108,33.73,33.21,33.76,32.82,893699,1.47,33.53
20191107,33.24,33.07,33.67,33.03,1027725,1.56,33.34
20191106,32.73,32.48,32.97,32.33,692305,0.28,32.72
20191105,32.64,33.54,33.8,32.6,1455384,-2.39,32.9
20191104,33.44,33.2,33.66,33.06,2389511,1.8,33.41
20191101,32.85,32.12,32.85,31.88,1331148,3.2,32.58
20191031,31.83,31.14,31.85,31.09,1708479,-0.87,31.54
20191030,32.11,32.81,32.95,31.31,2745906,-2.76,31.99
20191029,33.02,31.88,33.31,30.85,4255145,2.17,32.63
20191028,32.32,33.0,33.29,32.32,2553231,-1.43,32.74
20191025,32.79,32.31,32.94,32.1,3739218,1.64,32.66
20191024,32.26,32.56,32.79,31.94,1526695,-0.92,32.21
20191023,32.56,31.88,32.73,31.16,3298992,1.81,32.26
20191022,31.98,31.25,32.44,30.64,4137230,2.8,31.82
20191021,31.11,31.0,31.73,30.9,2456803,0.84,31.25
20191018,30.85,29.63,31.11,29.52,2546414,4.01,30.59
20191017,29.66,29.68,29.9,29.07,1193189,0.71,29.61
20191016,29.45,29.4,29.86,29.28,831572,0.2,29.57
20191015,29.39,29.08,29.75,28.92,1417408,1.1,29.4
20191014,29.07,29.27,29.53,28.98,826020,-1.69,29.2
20191011,29.57,28.44,29.94,28.43,2271849,5.12,29.59
20191010,28.13,27.39,28.21,27.15,1477394,2.93,27.94
20191009,27.33,27.29,27.46,27.03,604314,1.18,27.27
20191008,27.01,27.19,27.33,26.71,2736791,-2.03,27.0
20191007,27.57,28.03,28.06,27.57,1030656,-2.3,27.69
20191004,28.22,27.82,28.24,27.62,972770,1.4,27.98
20191003,27.83,26.89,28.03,26.89,1514630,2.62,27.69
20191002,27.12,26.76,27.23,26.49,1861325,0.22,26.91
20191001,27.06,28.43,28.58,26.72,1882836,-4.35,27.14
20190930,28.29,28.73,28.73,28.12,1756284,-1.36,28.24
20190927,28.68,29.28,29.54,28.58,935049,-1.71,28.79
20190926,29.18,29.16,29.39,28.82,1192317,-0.44,29.18
20190925,29.31,28.79,29.37,28.36,597702,1.31,29.03
20190924,28.93,29.29,29.4,28.58,983628,-1.26,28.91
20190923,29.3,29.27,29.5,28.88,1317210,-0.68,29.25
20190920,29.5,30.05,30.07,29.44,1424534,-1.76,29.65
20190919,30.03,30.73,30.76,29.99,1099936,-2.34,30.24
20190918,30.75,30.96,30.97,30.41,1015977,-1.0,30.66
20190917,31.06,31.56,31.71,30.85,1184497,-2.48,31.09
20190916,31.85,31.23,32.12,31.1,2385333,1.99,31.77
20190913,31.23,30.94,31.48,30.94,1281803,1.59,31.28
20190912,30.74,29.99,31.0,29.67,1434444,1.72,30.67
20190911,30.22,30.4,30.49,29.74,1663137,-0.49,30.08
20190910,30.37,28.84,30.43,28.63,1973408,5.56,29.97
20190909,28.77,28.42,29.01,28.24,1693233,2.17,28.8
20190906,28.16,28.09,28.62,27.56,1343545,-0.35,28.2
20190905,28.26,27.06,28.58,27.02,2558321,5.57,28.14
20190904,26.77,27.63,27.73,26.33,3811026,-2.51,26.83
20190903,27.46,28.29,28.48,27.44,1171067,-4.25,27.66
20190830,28.68,28.71,28.86,28.44,830469,0.67,28.66
20190829,28.49,28.34,28.67,28.2,721201,1.71,28.48
20190828,28.01,27.78,28.38,27.62,1493103,1.01,28.05
20190827,27.73,28.42,28.58,27.65,857969,-1.74,27.88
20190826,28.22,28.51,28.7,27.93,1084203,-0.04,28.19
20190823,28.23,29.21,29.33,28.09,1473201,-4.27,28.38
20190822,29.49,29.74,29.9,29.43,449149,-0.34,29.54
20190821,29.59,30.15,30.15,29.38,867654,-0.54,29.62
20190820,29.75,30.14,30.35,29.51,686817,-1.65,29.74
20190819,30.25,30.45,30.64,29.94,1265821,0.9,30.18
20190816,29.98,29.56,30.08,29.38,1195292,1.83,29.86
20190815,29.44,29.49,29.68,29.22,1107242,0.17,29.45
20190814,29.39,29.96,30.19,29.28,1727171,-3.86,29.62
20190813,30.57,29.98,30.95,29.88,1510821,1.26,30.66
20190812,30.19,30.15,30.51,30.01,890826,-0.72,30.27
20190809,30.41,30.95,31.02,30.23,942866,-1.74,30.47
20190808,30.95,31.22,31.58,30.7,1339290,0.85,31.04
20190807,30.69,30.36,30.85,29.96,1517518,-0.65,30.59
20190806,30.89,30.5,31.07,30.33,1378992,2.35,30.73
20190805,30.18,30.07,30.43,29.8,4331695,-2.8,30.11
20190802,31.05,30.96,31.84,30.79,2714834,-0.51,31.32
20190801,31.21,31.25,32.81,30.45,4026277,-5.34,31.63
20190731,32.97,33.07,33.6,32.8,2816138,-0.69,33.2
20190730,33.2,32.08,33.23,32.0,1658459,2.82,32.82
20190729,32.29,33.1,33.36,32.24,1292951,-2.45,32.56
20190726,33.1,33.51,33.7,32.82,1161408,-1.19,33.0
20190725,33.5,34.0,34.05,33.19,907432,-1.5,33.62
20190724,34.01,33.66,34.19,33.6,756598,0.47,33.95
20190723,33.85,33.66,33.89,33.34,729479,1.2,33.66
20190722,33.45,33.45,33.88,33.4,795019,-0.24,33.57
20190719,33.53,32.92,33.55,32.8,1115370,2.29,33.33
20190718,32.78,32.85,33.07,32.7,664733,-0.46,32.87
20190717,32.93,33.36,33.56,32.91,1634444,-1.29,33.15
20190716,33.36,32.38,33.54,32.38,1347445,2.65,33.28
20190715,32.5,33.18,33.42,32.45,981581,-2.29,32.63
20190712,33.26,32.35,33.41,32.3,790903,3.0,33.15
20190711,32.29,32.99,33.26,31.86,3126125,-2.33,32.51
20190710,33.06,33.04,33.38,32.43,1624272,0.03,32.85
20190709,33.05,33.76,34.11,32.99,1793637,-3.08,33.26
20190708,34.1,34.45,35.0,33.79,965239,-1.13,34.09
20190705,34.49,34.29,34.8,34.19,2283145,-0.32,34.51
20190703,34.6,34.56,34.94,34.22,593329,0.32,34.48
20190702,34.49,34.78,34.97,34.0,993052,-0.98,34.4
20190701,34.83,35.05,35.39,34.52,682551,0.66,34.83
20190628,34.6,34.02,34.72,33.91,1481624,2.06,34.51
20190627,33.9,33.78,34.1,33.74,1081479,0.59,33.91
20190626,33.7,33.87,34.24,33.48,727223,-0.44,33.73
20190625,33.85,33.73,34.21,33.53,742851,0.24,33.87
20190624,33.77,34.14,34.36,33.71,750494,-0.97,33.97
20190621,34.1,34.79,34.79,34.0,1622135,-2.26,34.2
20190620,34.89,35.0,35.4,34.63,1491098,0.2,34.91
20190619,34.82,34.75,34.98,34.53,762273,0.66,34.79
20190618,34.59,33.82,34.68,33.61,1159898,2.98,34.42
20190617,33.59,33.43,33.76,33.3,922607,0.51,33.55
20190614,33.42,33.57,33.57,32.87,789554,-0.18,33.22
20190613,33.48,33.14,33.51,33.14,821937,1.18,33.38
20190612,33.09,33.66,33.83,32.96,1105039,-1.96,33.23
20190611,33.75,34.34,34.57,33.72,1238844,-0.85,34.07
20190610,34.04,33.77,34.31,33.65,822257,1.22,34.02
20190607,33.63,34.0,34.08,33.41,1039403,-0.5,33.66
20190606,33.8,33.47,33.82,33.02,1541407,0.6,33.56
20190605,33.6,34.28,34.52,33.49,1733608,-1.73,33.83
20190604,34.19,34.33,34.49,33.93,1208962,1.27,34.23
20190603,33.76,33.96,34.79,33.65,2627189,-0.62,34.21
20190531,33.97,34.13,34.58,33.58,1659709,-2.16,34.18
20190530,34.72,34.97,35.23,34.63,1267963,-0.63,34.85
20190529,34.94,35.14,35.24,34.76,1451647,-1.02,34.97
20190528,35.3,35.28,35.59,35.11,916067,0.09,35.35
20190524,35.27,35.37,35.56,35.19,1278269,1.06,35.27
20190523,34.9,35.29,35.3,34.39,1589625,-2.16,34.71
20190522,35.67,35.61,36.22,35.44,1741452,-0.61,35.79
20190521,35.89,35.24,36.11,35.2,1724472,2.11,35.83
20190520,35.15,34.29,35.34,34.18,2102420,1.21,34.88
20190517,34.73,34.73,35.73,34.59,2737596,-0.94,35.28
20190516,35.06,35.18,35.44,34.87,1766276,-0.57,35.15
20190515,35.26,34.08,35.59,33.73,2176359,2.32,35.0
20190514,34.46,33.87,34.58,33.87,1693674,2.01,34.38
20190513,33.78,33.46,33.85,33.29,1666506,-1.54,33.58
20190510,34.31,33.19,34.31,33.0,1306188,2.63,33.84
20190509,33.43,33.04,33.82,32.55,2166368,0.33,33.3
20190508,33.32,33.89,33.99,33.19,1437961,-1.97,33.47
20190507,33.99,33.51,34.12,33.21,1875349,-0.32,33.6
20190506,34.1,33.58,34.71,32.65,2183718,-1.73,34.17
20190503,34.7,35.14,35.43,34.48,2637560,-0.77,34.82
20190502,34.97,33.96,36.16,33.92,4847164,1.04,35.41
20190501,34.61,33.87,34.91,33.78,4704016,2.55,34.4
20190430,33.75,32.46,34.65,32.05,7293559,3.69,33.79
20190429,32.55,31.0,33.17,31.0,9869820,16.04,32.55
20190426,28.05,27.76,28.07,27.47,2633335,0.97,27.81
20190425,27.78,27.22,27.91,27.22,1543964,-0.14,27.74
20190424,27.82,27.96,28.35,27.79,1470035,0.07,28.01
20190423,27.8,27.32,27.96,27.29,1073169,1.76,27.75
20190422,27.32,27.4,27.63,27.05,1219203,0.89,27.34
20190418,27.08,27.0,27.21,26.77,1302571,0.71,26.97
20190417,26.89,27.65,27.81,26.86,1152940,-1.93,27.1
20190416,27.42,27.54,27.76,27.36,1259227,0.55,27.5
20190415,27.27,27.73,28.01,27.23,1444584,-1.66,27.4
20190412,27.73,28.5,28.5,27.55,1878151,-1.81,27.83
20190411,28.24,28.0,28.3,27.9,937081,0.82,28.2
20190410,28.01,27.96,28.16,27.73,633121,0.61,27.99
20190409,27.84,28.15,28.15,27.72,899078,-1.73,27.87
20190408,28.33,28.13,28.37,27.94,634370,0.25,28.23
20190405,28.26,28.2,28.26,28.04,804905,0.78,28.19
20190404,28.04,27.96,28.18,27.95,553658,0.18,28.03
20190403,27.99,27.9,28.15,27.85,1215788,0.57,27.99
20190402,27.83,28.0,28.1,27.67,501074,-0.46,27.84
20190401,27.96,28.0,28.37,27.79,863870,0.54,27.97
20190329,27.81,27.5,27.89,27.47,1581312,2.02,27.75
20190328,27.26,27.03,27.51,26.97,1026392,0.78,27.22
20190327,27.05,27.26,27.5,26.84,1057519,-1.02,27.06
20190326,27.33,27.38,27.62,27.08,859453,0.85,27.34
20190325,27.1,26.77,27.21,26.56,1198795,1.27,26.95
20190322,26.76,27.84,27.84,26.66,1126755,-4.39,26.97
20190321,27.99,27.75,28.1,27.68,1205456,0.61,27.97
20190320,27.82,27.57,28.16,27.3,1631020,0.29,27.72
20190319,27.74,28.1,28.3,27.59,2120265,-1.63,27.88
20190318,28.2,28.0,28.26,27.6,1505937,1.04,28.1
20190315,27.91,27.0,28.01,26.94,2031564,3.37,27.75
20190314,27.0,27.59,27.88,26.84,1734259,-2.6,27.21
20190313,27.72,27.3,27.86,27.18,1656625,2.44,27.61
20190312,27.06,27.15,27.24,26.9,1379412,-0.22,27.04
20190311,27.12,26.26,27.14,26.26,1514107,3.51,26.98
20190308,26.2,25.54,26.26,25.54,1119287,0.42,26.11
20190307,26.09,26.25,26.31,25.78,1670573,-0.84,26.08
20190306,26.31,26.82,27.01,26.24,973038,-2.34,26.5
20190305,26.94,26.99,27.14,26.83,864657,-0.15,26.98
20190304,26.98,27.46,27.62,26.88,1085664,-1.32,27.19
20190301,27.34,26.96,27.55,26.8,1068632,1.82,27.3
20190228,26.85,26.61,26.93,26.29,1331280,0.75,26.78
20190227,26.65,26.66,26.85,26.43,973760,-0.04,26.62
20190226,26.66,26.95,27.02,26.58,1396568,-1.48,26.72
20190225,27.06,26.84,27.15,26.73,1709691,1.2,27.0
20190222,26.74,27.08,27.29,26.67,1350513,-1.15,26.91
20190221,27.05,26.65,27.13,26.53,1459036,1.81,26.94
20190220,26.57,26.69,27.19,26.36,2435660,2.51,26.74
20190219,25.92,25.95,26.99,25.1,2895821,-0.73,26.24
20190215,26.11,25.61,26.16,25.59,1428187,2.96,25.94
20190214,25.36,25.18,25.69,25.1,1654348,0.24,25.51
20190213,25.3,24.87,25.51,24.87,2274545,2.72,25.31
20190212,24.63,24.77,25.01,24.6,1457069,0.82,24.76
20190211,24.43,24.36,24.58,24.21,1284436,0.25,24.4
20190208,24.37,24.74,24.79,23.95,1073445,-2.21,24.35
20190207,24.92,24.89,25.14,24.34,1801512,-0.91,24.76
20190206,25.15,24.95,25.35,24.88,1146585,0.44,25.2
20190205,25.04,24.9,25.22,24.84,953284,0.56,25.03
20190204,24.9,24.72,25.01,24.46,1009434,0.44,24.84
20190201,24.79,24.79,25.06,24.38,1231212,0.49,24.72
20190131,24.67,24.68,25.06,24.35,1637345,0.16,24.74
20190130,24.63,24.84,24.98,24.25,1604140,0.78,24.56
20190129,24.44,24.19,24.89,24.08,2079325,1.96,24.46
20190128,23.97,23.83,24.05,23.52,1828518,-0.87,23.87
20190125,24.18,22.89,24.28,22.85,2219764,6.75,23.81
20190124,22.65,22.48,22.92,22.38,745118,0.98,22.67
20190123,22.43,22.9,23.16,22.17,1039893,-1.54,22.48
20190122,22.78,22.65,23.1,22.52,2240509,-1.89,22.77
20190118,23.22,22.42,23.26,22.14,2099514,4.45,22.86
20190117,22.23,21.7,22.34,21.67,840078,1.79,22.07
20190116,21.84,21.85,22.25,21.79,1185037,-0.36,21.92
20190115,21.92,22.1,22.29,21.76,1721097,-0.36,21.94
20190114,22.0,22.49,22.5,21.96,1200224,-3.13,22.16
20190111,22.71,22.28,22.74,22.17,679558,0.98,22.55
20190110,22.49,22.1,22.59,22.02,1007683,0.49,22.45
20190109,22.38,22.15,22.72,21.98,1224017,2.38,22.47
20190108,21.86,21.94,22.34,21.57,1387641,1.16,21.9
20190107,21.61,21.14,22.04,20.84,2296070,3.2,21.65
20190104,20.94,21.0,21.26,20.63,2041885,1.75,20.92
20190103,20.58,20.81,21.12,20.1,1246252,-2.0,20.67
20190102,21.0,20.02,21.02,19.7,1602217,2.69,20.73
20181231,20.45,20.57,20.65,20.09,907241,0.34,20.3
20181228,20.38,20.59,20.74,20.13,1394351,-0.05,20.4
20181227,20.39,19.46,20.39,19.46,917252,0.84,19.9
20181226,20.22,18.9,20.24,18.7,981527,6.87,19.64
20181224,18.92,19.55,19.79,18.92,687841,-4.73,19.25
20181221,19.86,19.26,20.1,19.22,3130550,3.44,19.76
20181220,19.2,19.62,19.8,18.88,1294808,-2.69,19.21
20181219,19.73,20.0,20.74,19.52,1658516,-4.22,19.99
20181218,20.6,20.8,21.24,20.57,1622975,0.49,20.9
20181217,20.5,20.97,21.17,20.26,1188697,-3.39,20.65
20181214,21.22,21.03,21.45,20.92,1356125,-0.61,21.19
20181213,21.35,21.93,22.25,21.03,1715200,-2.24,21.42
20181212,21.84,22.02,22.4,21.66,2509717,1.2,21.98
20181211,21.58,22.5,22.61,21.52,1080327,-2.26,21.89
20181210,22.08,22.08,22.27,21.68,2086130,-0.99,22.02
20181207,22.3,23.04,23.7,22.2,1572893,-2.62,22.7
20181206,22.9,22.02,22.9,21.42,3272106,-1.63,22.15
20181204,23.28,25.26,25.37,23.16,1732866,-8.24,23.68
20181203,25.37,25.41,26.04,25.23,1090104,2.51,25.51
20181130,24.75,25.2,25.61,24.68,1081948,-2.33,24.87
20181129,25.34,25.31,25.51,24.47,2197710,0.0,24.98
20181128,25.34,24.47,25.51,24.46,1316018,3.68,25.13
20181127,24.44,24.76,25.04,24.43,1250752,-2.08,24.69
20181126,24.96,24.48,25.28,24.45,1373093,3.23,24.91
20181123,24.18,24.3,24.46,24.09,253695,-2.3,24.25
20181121,24.75,24.6,25.17,24.53,953783,2.06,24.86
20181120,24.25,24.0,24.66,23.57,1062045,-0.78,24.23
20181119,24.44,25.27,25.29,24.43,1895725,-4.12,24.73
20181116,25.49,25.96,26.02,25.43,932991,-1.85,25.6
20181115,25.97,25.0,25.99,24.5,1383122,2.97,25.53
20181114,25.22,25.72,25.79,25.0,1320644,-1.21,25.29
20181113,25.53,26.27,26.49,25.49,1295809,-2.96,25.91
20181112,26.31,26.61,26.81,26.18,1157441,-0.9,26.46
20181109,26.55,28.02,28.02,26.33,3314908,-2.07,26.75
20181108,27.11,27.66,28.25,27.0,3269749,-2.97,27.42
20181107,27.94,27.6,28.56,27.41,2013507,2.01,27.97
20181106,27.39,26.49,27.51,26.21,1999400,3.28,27.12
20181105,26.52,26.0,26.72,25.8,4352961,2.59,26.34
20181102,25.85,25.99,26.36,25.8,2608489,0.19,25.99
20181101,25.8,26.41,26.41,25.75,10006223,-4.66,25.96
20181031,27.06,27.25,27.6,26.94,1257862,1.77,27.21
20181030,26.59,25.51,26.67,25.51,1086622,3.95,26.14
20181029,25.58,26.58,26.95,25.21,1412476,-2.03,26.13
20181026,26.11,25.47,26.79,24.8,3224272,6.31,26.06
20181025,24.56,23.65,24.88,23.49,2835858,5.09,24.48
20181024,23.37,25.01,25.15,23.33,2160650,-6.22,24.1
20181023,24.92,24.6,25.22,24.18,1455648,-1.03,24.77
20181022,25.18,25.52,25.63,25.04,1517301,-1.25,25.32
20181019,25.5,26.05,26.15,25.36,1219793,-2.04,25.57
20181018,26.03,26.26,26.79,25.84,929005,-3.2,26.13
20181017,26.89,26.97,27.03,26.31,811228,-0.96,26.77
20181016,27.15,26.26,27.19,26.13,801567,4.22,26.88
20181015,26.05,25.69,26.34,25.2,1411791,1.13,25.94
20181012,25.76,26.67,26.67,25.35,1084410,0.62,25.79
20181011,25.6,25.49,26.66,25.49,1182106,-2.25,25.96
20181010,26.19,27.33,27.33,26.14,1231172,-3.93,26.42
20181009,27.26,26.91,27.43,26.89,1381671,0.74,27.19
20181008,27.06,27.25,27.42,26.78,776669,-1.42,27.06
20181005,27.45,27.69,28.02,27.02,677662,-1.15,27.45
20181004,27.77,28.0,28.16,27.57,720100,-0.82,27.84
20181003,28.0,28.25,28.29,27.92,2164359,-0.28,28.06
20181002,28.08,28.03,28.21,27.79,2083861,0.25,28.04
20181001,28.01,28.49,28.61,27.96,1846299,-1.16,28.25
20180928,28.34,27.92,28.37,27.84,1010571,1.07,28.18
20180927,28.04,29.06,29.06,27.74,1693992,-1.51,28.01
20180926,28.47,28.88,29.17,28.44,1365876,-2.23,28.63
20180925,29.12,29.68,29.69,29.04,1162467,-1.42,29.33
20180924,29.54,29.46,29.68,28.88,1476248,0.54,29.39
20180921,29.38,29.48,29.57,29.15,3654809,0.0,29.38
20180920,29.38,29.3,29.54,29.07,1086612,0.96,29.33
20180919,29.1,29.22,29.63,28.98,785709,-0.58,29.14
20180918,29.27,28.73,29.28,28.71,979640,1.92,29.03
20180917,28.72,28.73,29.61,28.61,1449870,0.35,28.77
20180914,28.62,27.8,28.89,27.71,2025894,2.8,28.49
20180913,27.84,26.74,28.29,26.74,3199155,4.7,27.7
20180912,26.59,26.36,26.62,26.12,1961585,1.57,26.44
20180911,26.18,25.56,26.33,25.27,1963990,2.11,26.06
20180910,25.64,25.1,25.86,25.1,1543933,2.64,25.63
20180907,24.98,24.59,25.3,24.35,2984616,0.2,24.89
20180906,24.93,26.76,26.76,24.75,4135016,-7.63,25.16
20180905,26.99,27.22,27.39,26.82,1445331,-1.32,27.09
20180904,27.35,27.96,27.96,27.28,609401,-2.18,27.4
20180831,27.96,27.98,28.18,27.81,453100,-0.43,27.96
20180830,28.08,28.7,28.86,27.94,631544,-2.36,28.24
20180829,28.76,28.41,28.86,28.3,777638,1.73,28.68
20180828,28.27,28.25,28.58,28.09,822376,0.07,28.31
20180827,28.25,27.62,28.38,27.48,1200300,2.69,28.11
20180824,27.51,27.38,27.67,27.25,1129019,0.62,27.52
20180823,27.34,27.93,27.96,27.29,739898,-2.18,27.47
20180822,27.95,28.17,28.27,27.78,965041,-0.96,28.02
20180821,28.22,28.33,28.59,28.02,483577,-0.32,28.27
20180820,28.31,28.15,28.59,28.01,849641,1.32,28.36
20180817,27.94,27.44,27.99,27.18,1229526,2.08,27.63
20180816,27.37,26.92,27.6,26.92,890739,1.26,27.31
20180815,27.03,28.0,28.0,26.92,785781,-4.08,27.18
20180814,28.18,28.59,28.75,28.14,657333,-1.09,28.29
20180813,28.49,28.8,28.95,28.34,584868,-1.28,28.62
20180810,28.86,28.7,29.1,28.61,1096659,0.31,28.88
20180809,28.77,29.21,29.66,28.71,1436655,-1.74,29.17
20180808,29.28,29.47,29.6,29.1,870099,-0.71,29.31
20180807,29.49,29.46,29.84,29.19,881669,1.13,29.41
20180806,29.16,28.5,29.33,28.19,1427380,2.42,29.11
20180803,28.47,28.0,28.71,27.86,1655696,2.67,28.35
20180802,27.73,27.66,28.64,27.11,2705615,0.22,27.82
20180801,27.67,28.61,28.74,27.37,2417382,-3.29,27.79
20180731,28.61,27.48,28.72,27.48,2492407,4.72,28.44
20180730,27.32,27.29,28.05,27.29,2493529,0.81,27.63
20180727,27.1,26.92,27.16,26.36,1993170,1.76,26.7
20180726,26.63,26.52,27.15,26.47,2625615,0.57,26.71
20180725,26.48,26.61,26.79,26.26,1567479,-0.79,26.4
20180724,26.69,27.29,27.33,26.64,1087533,-1.73,26.87
20180723,27.16,27.82,27.83,27.15,706892,-2.41,27.3
20180720,27.83,28.04,28.2,27.82,648221,-1.28,27.96
20180719,28.19,27.58,28.19,27.47,507709,1.4,28.06
20180718,27.8,28.09,28.18,27.67,896989,-1.0,27.82
20180717,28.08,28.09,28.43,27.85,1281757,-0.11,28.12
20180716,28.11,27.92,28.51,27.91,1221827,-0.25,28.18
20180713,28.18,28.05,28.75,28.01,1225234,0.68,28.31
20180712,27.99,28.98,28.98,27.46,2447696,-2.91,28.02
20180711,28.83,28.9,29.0,28.62,1313938,-1.5,28.8
20180710,29.27,29.42,29.68,29.01,1211236,-0.85,29.27
20180709,29.52,28.37,29.56,28.36,2222253,4.09,29.22
20180706,28.36,28.72,28.72,28.24,1053794,-1.49,28.41
20180705,28.79,28.95,29.07,28.54,1614084,0.21,28.73
20180703,28.73,28.76,28.91,28.51,592763,0.6,28.67
20180702,28.56,28.97,29.16,28.4,1625029,-2.82,28.62
20180629,29.39,29.4,30.23,29.33,2230525,0.07,29.69
20180628,29.37,28.93,29.55,28.56,1634242,0.38,29.12
20180627,29.26,29.21,29.81,28.98,1885654,0.79,29.34
20180626,29.03,28.32,29.23,28.32,1953233,2.58,28.96
20180625,28.3,27.81,28.74,27.75,2101264,-1.84,28.15
20180622,28.83,28.6,29.3,28.37,3666776,3.26,28.85
20180621,27.92,28.03,28.34,27.47,1984912,-1.13,27.79
20180620,28.24,29.66,29.76,28.21,2044183,-4.17,28.6
20180619,29.47,29.61,29.66,29.32,1129456,-1.7,29.5
20180618,29.98,29.37,30.07,29.3,1309534,1.01,29.91
20180615,29.68,30.11,30.48,29.43,1388048,-1.26,29.68
20180614,30.06,29.8,30.29,29.54,1938326,2.28,29.98
20180613,29.39,29.56,30.1,29.24,1699763,-0.2,29.58
20180612,29.45,29.88,30.43,29.11,2215159,-1.27,29.44
20180611,29.83,31.23,31.64,29.65,3923085,-6.31,30.22
20180608,31.84,33.0,33.06,31.76,1388123,-3.84,32.19
20180607,33.11,32.98,33.48,32.81,858754,0.88,33.21
20180606,32.82,32.53,32.87,31.96,1053382,1.36,32.49
20180605,32.38,32.49,32.62,31.48,1661007,-0.37,31.99
20180604,32.5,32.49,32.63,32.21,975558,0.49,32.45
20180601,32.34,33.0,33.41,32.29,672496,-1.61,32.63
20180531,32.87,33.29,33.39,32.53,1066388,-1.56,32.9
20180530,33.39,32.85,33.71,32.83,820904,2.39,33.42
20180529,32.61,32.42,32.78,32.14,897421,-0.82,32.54
20180525,32.88,33.65,33.65,32.51,992950,-2.89,32.85
20180524,33.86,33.98,34.23,33.7,665448,-1.2,33.91
20180523,34.27,34.19,34.82,33.83,941016,-0.41,34.3
20180522,34.41,34.41,35.28,34.12,1535041,-0.03,34.71
20180521,34.42,34.69,35.27,34.39,759778,-0.12,34.65
20180518,34.46,34.11,34.8,33.69,1356538,0.47,34.52
20180517,34.3,33.69,34.75,33.53,1633484,1.63,34.47
20180516,33.75,33.67,33.99,33.49,1358121,0.36,33.75
20180515,33.63,33.26,33.85,33.14,1185162,0.51,33.59
20180514,33.46,33.65,33.73,33.41,1517943,0.06,33.52
20180511,33.44,33.47,33.76,33.06,1448353,-0.09,33.44
20180510,33.47,32.21,33.65,32.09,2354882,4.43,33.06
20180509,32.05,31.82,32.31,31.5,2248003,1.71,31.96
20180508,31.51,32.05,32.42,31.44,2357103,-1.68,31.65
20180507,32.05,32.23,32.97,31.96,3971815,-0.06,32.36
20180504,32.07,31.6,32.44,31.5,2271207,1.23,32.16
20180503,31.68,31.35,32.3,31.0,12585793,0.89,31.68
20180502,31.4,31.15,31.9,30.94,1200774,0.77,31.41
20180501,31.16,30.38,31.48,30.13,1656657,-1.49,31.0
20180430,31.63,31.84,32.27,31.38,1283768,-0.66,31.79
20180427,31.84,32.7,33.16,31.64,3195943,3.18,32.43
20180426,30.86,31.74,31.79,30.8,1026011,-2.59,31.14
20180425,31.68,31.27,31.75,30.9,616478,1.44,31.55
20180424,31.23,32.09,32.39,30.95,1029254,-1.73,31.61
20180423,31.78,31.57,32.28,31.52,492139,-1.21,31.84
20180420,32.17,32.59,32.76,31.91,477098,-1.11,32.26
20180419,32.53,32.51,32.84,32.21,409650,-0.43,32.45
20180418,32.67,32.45,32.97,32.16,557551,1.18,32.77
20180417,32.29,32.16,32.44,32.11,408759,0.78,32.32
20180416,32.04,32.01,32.31,31.55,685241,1.33,31.95
20180413,31.62,31.67,31.93,31.33,469929,0.22,31.65
20180412,31.55,31.1,31.7,30.92,644342,1.77,31.45
20180411,31.0,30.51,31.3,30.26,733911,0.36,30.96
20180410,30.89,29.83,30.96,29.55,738307,5.21,30.5
20180409,29.36,30.22,30.41,29.36,459481,-1.58,29.69
20180406,29.83,30.42,30.49,29.36,847407,-3.18,29.87
20180405,30.81,29.89,31.32,29.74,1149728,3.42,30.81
20180404,29.79,29.14,29.88,29.14,291911,0.2,29.47
20180403,29.73,29.41,29.73,29.12,583575,2.06,29.41
20180402,29.13,30.38,30.43,28.97,923020,-5.05,29.38
20180329,30.68,30.11,31.01,29.96,665444,2.1,30.5
20180328,30.05,30.65,31.24,29.93,739637,-1.15,30.32
20180327,30.4,30.74,31.27,30.13,489228,-1.07,30.6
20180326,30.73,30.76,30.77,29.98,674801,1.35,30.39
20180323,30.32,31.33,31.75,30.31,1004919,-2.85,31.01
20180322,31.21,32.75,32.89,31.13,907997,-5.8,31.67
20180321,33.13,32.6,33.26,32.32,502769,1.78,32.89
20180320,32.55,31.72,32.95,31.72,610951,-0.49,32.6
20180319,32.71,32.8,32.8,32.14,309127,-0.76,32.44
20180316,32.96,32.62,33.35,32.54,997389,0.92,32.99
20180315,32.66,32.96,33.12,32.58,579436,-0.91,32.73
20180314,32.96,32.76,33.02,32.59,428897,1.32,32.83
20180313,32.53,32.7,32.85,32.4,381140,-0.34,32.51
20180312,32.64,32.95,33.33,32.5,485346,-1.09,32.79
20180309,33.0,32.58,33.23,32.51,814826,1.95,32.96
20180308,32.37,31.8,32.65,31.8,533303,1.73,32.26
20180307,31.82,31.39,32.04,31.39,638815,0.03,31.76
20180306,31.81,32.1,32.37,31.77,877271,-0.72,32.04
20180305,32.04,31.62,32.13,31.1,592541,0.75,31.79
20180302,31.8,30.67,31.94,30.37,675189,2.95,31.36
20180301,30.89,32.03,32.09,30.75,936551,-3.5,31.29
20180228,32.01,32.9,33.21,32.01,644924,-2.05,32.45
20180227,32.68,33.07,33.29,32.64,461565,-0.97,32.84
20180226,33.0,32.95,33.24,32.53,478594,0.36,33.02
20180223,32.88,32.1,32.92,31.94,500751,2.56,32.54
20180222,32.06,31.76,32.51,31.76,588497,0.88,32.17
20180221,31.78,31.75,32.35,30.98,1865804,0.16,31.74
20180220,31.73,32.58,33.45,31.73,1042889,-3.41,32.58
20180216,32.85,34.51,34.51,31.97,2624225,-4.87,32.83
20180215,34.53,33.74,34.6,33.18,1298367,3.04,34.13
20180214,33.51,32.76,33.63,32.3,727726,1.3,33.4
20180213,33.08,32.37,33.33,31.9,875276,1.16,33.0
20180212,32.7,31.89,33.04,31.82,658086,2.99,32.41
20180209,31.75,31.97,32.18,30.47,1101064,0.57,31.46
20180208,31.57,32.74,33.07,31.55,872991,-3.78,32.3
20180207,32.81,33.27,33.87,32.77,790844,-1.74,33.14
20180206,33.39,32.89,33.82,32.62,633843,-0.36,33.31
20180205,33.51,33.83,34.88,32.57,827465,-1.93,33.95
20180202,34.17,34.62,34.63,34.03,637037,-2.48,34.29
20180201,35.04,35.1,35.27,33.97,681044,1.33,35.0
20180131,34.58,35.75,35.79,34.51,756159,-2.51,34.92
20180130,35.47,36.15,36.15,34.45,795818,-2.12,35.16
20180129,36.24,36.12,36.42,35.82,414472,-0.11,36.24
20180126,36.28,36.2,36.35,35.75,229456,0.95,36.15
20180125,35.94,36.41,36.49,35.52,660419,-0.91,36.01
20180124,36.27,36.83,37.0,36.18,435951,-1.14,36.46
20180123,36.69,37.59,38.0,36.37,927869,1.38,36.7
20180122,36.19,35.9,36.24,35.63,660619,0.75,35.98
20180119,35.92,35.01,35.95,35.01,518520,2.05,35.75
20180118,35.2,34.95,35.29,34.6,443061,0.69,35.06
20180117,34.96,35.36,35.66,34.86,868371,-0.4,35.06
20180116,35.1,34.8,36.08,34.8,974677,1.56,35.46
20180112,34.56,35.0,35.04,34.55,542063,-0.95,34.77
20180111,34.89,34.7,34.93,34.57,248055,1.28,34.79
20180110,34.45,34.96,35.3,34.29,424927,-1.82,34.48
20180109,35.09,35.09,35.41,34.96,418782,0.52,35.15
20180108,34.91,34.64,35.16,34.51,573602,1.04,34.92
20180105,34.55,33.75,34.79,33.75,416899,1.41,34.53
20180104,34.07,34.07,34.61,34.0,488403,0.47,34.27
20180103,33.91,33.71,34.07,33.52,806622,0.59,33.79
20180102,33.71,34.19,34.27,33.41,814733,-0.65,33.67
20171229,33.93,34.11,34.44,33.92,442326,-0.12,34.1
20171228,33.97,34.26,34.26,33.63,282562,-0.41,33.94
20171227,34.11,34.08,34.32,33.98,311229,0.24,34.13
20171226,34.03,34.44,34.44,33.81,148721,-0.5,34.05
20171222,34.2,34.43,34.63,34.02,323506,-0.67,34.24
20171221,34.43,34.11,34.56,33.86,333750,1.23,34.33
20171220,34.01,33.4,34.15,33.04,645041,2.16,33.79
20171219,33.29,33.37,33.62,33.16,977527,-0.27,33.38
20171218,33.38,32.8,33.57,32.8,947555,2.36,33.36
20171215,32.61,31.96,32.9,31.9,1606723,2.9,32.57
20171214,31.69,31.83,31.99,31.66,467525,-0.44,31.77
20171213,31.83,31.73,31.94,31.61,1003129,0.47,31.78
20171212,31.68,32.05,32.22,31.66,435102,-1.09,31.86
20171211,32.03,32.35,32.5,31.96,331144,-0.93,32.2
20171208,32.33,32.4,32.5,31.87,637629,0.47,32.17
20171207,32.18,31.66,32.23,31.64,845778,2.26,32.08
20171206,31.47,31.02,31.55,31.0,463569,0.99,31.42
20171205,31.16,31.58,31.75,31.1,630861,-0.92,31.43
20171204,31.45,32.44,32.75,31.27,785757,-1.96,31.66
20171201,32.08,32.55,32.75,31.57,2144255,-1.02,32.18
20171130,32.41,31.44,32.51,31.39,2112831,4.04,32.19
20171129,31.15,31.11,31.58,31.03,892760,-0.26,31.29
20171128,31.23,31.59,31.7,31.12,965734,-0.73,31.38
20171127,31.46,31.33,31.58,31.22,1307896,1.03,31.39
20171124,31.14,31.13,31.52,30.99,391777,0.52,31.22
20171122,30.98,31.05,31.88,30.8,1223008,0.81,31.17
20171121,30.73,30.81,31.09,30.22,1687016,0.52,30.83
20171120,30.57,30.21,30.94,29.81,2904280,1.73,30.55
20171117,30.05,29.0,30.23,28.72,2587960,4.02,29.82
20171116,28.89,27.88,29.11,27.61,7596770,4.9,28.32
20171115,27.54,28.29,28.69,27.53,870389,-3.91,28.0
20171114,28.66,28.56,28.88,28.17,1090128,-2.55,28.58
20171113,29.41,28.57,29.51,28.1,883366,2.26,29.24
20171110,28.76,28.21,28.84,28.18,792582,2.2,28.56
20171109,28.14,27.88,28.21,27.4,1079977,0.25,27.91
20171108,28.07,28.0,28.58,27.85,838462,0.25,28.16
20171107,28.0,28.05,28.21,27.8,568285,0.14,27.98
20171106,27.96,28.55,28.55,27.93,659072,-2.17,28.16
20171103,28.58,29.36,29.36,28.18,924938,-2.49,28.71
20171102,29.31,28.89,29.49,28.83,738298,1.28,29.29
20171101,28.94,29.16,29.2,28.87,837516,0.31,29.0
20171031,28.85,29.13,29.51,28.8,647636,-0.93,29.03
20171030,29.12,30.43,30.43,28.8,1344872,-4.27,29.24
20171027,30.42,30.06,30.66,29.15,1433963,4.54,29.96
20171026,29.1,28.48,29.47,27.59,2409042,9.32,28.82
20171025,26.62,26.44,26.77,26.27,527593,0.08,26.54
20171024,26.6,26.53,26.75,26.42,608230,0.68,26.57
20171023,26.42,26.58,26.68,26.2,467480,-0.6,26.42
20171020,26.58,26.49,26.81,26.4,796599,0.83,26.59
20171019,26.36,26.47,26.66,26.1,495544,-1.46,26.37
20171018,26.75,26.92,27.31,26.61,566407,-0.89,26.83
20171017,26.99,26.9,27.22,26.78,545312,0.26,27.02
20171016,26.92,27.0,27.1,26.82,399191,-0.15,26.97
20171013,26.96,27.11,27.26,26.53,379610,0.26,26.99
20171012,26.89,26.7,26.98,26.6,269614,0.11,26.84
20171011,26.86,26.88,26.99,26.77,273850,-0.15,26.86
20171010,26.9,26.85,27.29,26.78,257457,0.45,27.02
20171009,26.78,26.6,26.85,26.23,372926,0.68,26.73
20171006,26.6,26.61,26.84,26.5,414075,-0.71,26.65
20171005,26.79,26.92,27.17,26.74,417850,-0.37,26.86
20171004,26.89,27.5,27.6,26.81,665671,-2.68,27.18
20171003,27.63,27.95,27.95,27.57,400178,0.29,27.69
20171002,27.55,27.46,27.84,27.22,473650,0.11,27.56
20170929,27.52,27.42,27.65,27.33,298426,0.7,27.5
20170928,27.33,27.05,27.49,27.05,694414,0.96,27.3
20170927,27.07,26.4,27.08,26.21,557771,2.89,26.78
20170926,26.31,26.51,26.74,26.2,660778,-0.34,26.41
20170925,26.4,26.32,26.65,26.26,485646,0.46,26.41
20170922,26.28,25.88,26.3,25.7,269645,1.66,26.08
20170921,25.85,26.03,26.09,25.78,432778,-0.5,25.89
20170920,25.98,25.86,26.04,25.63,561009,0.62,25.83
20170919,25.82,25.89,26.18,25.58,421275,0.16,25.81
20170918,25.78,25.17,26.0,25.17,703911,2.75,25.77
20170915,25.09,25.0,25.16,24.76,517173,0.48,25.04
20170914,24.97,24.68,25.07,24.57,480421,1.22,24.96
20170913,24.67,24.58,24.8,24.52,331126,0.57,24.67
20170912,24.53,24.06,25.05,23.87,655510,2.68,24.59
20170911,23.89,23.95,24.4,23.84,386702,0.55,23.98
20170908,23.76,23.53,23.93,23.5,404073,0.64,23.73
20170907,23.61,23.43,23.68,23.18,247264,1.11,23.5
20170906,23.35,23.32,23.49,22.92,400617,0.99,23.24
20170905,23.12,23.78,23.87,22.94,450345,-2.45,23.21
20170901,23.7,23.7,23.95,23.67,465509,0.89,23.8
20170831,23.49,23.47,23.83,23.29,382968,0.82,23.61
20170830,23.3,22.95,23.31,22.89,368533,1.04,23.19
20170829,23.06,22.81,23.18,22.68,262197,0.48,23.02
20170828,22.95,23.07,23.07,22.74,355201,-0.13,22.89
20170825,22.98,22.82,23.04,22.71,572279,1.23,22.93
20170824,22.7,22.98,22.98,22.63,230258,-1.13,22.75
20170823,22.96,22.58,23.07,22.58,612417,0.79,22.96
20170822,22.78,22.52,22.85,22.4,245085,1.74,22.68
20170821,22.39,22.66,22.9,22.13,714045,1.91,22.33
20170818,21.97,21.91,22.18,21.76,506385,-0.14,21.99
20170817,22.0,22.6,22.81,21.98,417867,-3.3,22.21
20170816,22.75,22.8,22.87,22.59,536296,0.26,22.74
20170815,22.69,22.69,22.8,22.55,1061909,0.44,22.68
20170814,22.59,22.89,23.19,22.16,970281,-0.4,22.74
20170811,22.68,22.28,22.91,22.28,605297,0.09,22.68
20170810,22.66,23.39,23.39,22.52,1247866,-3.98,22.82
20170809,23.6,24.04,24.06,23.48,296760,-2.2,23.64
20170808,24.13,24.06,24.29,23.73,626655,0.37,24.09
20170807,24.04,24.09,24.34,23.74,1039061,-0.12,24.02
20170804,24.07,23.46,24.08,23.29,809595,3.48,23.76
20170803,23.26,23.83,24.0,22.96,2650329,1.04,23.41
20170802,23.02,22.5,23.13,22.5,1444358,2.31,22.81
20170801,22.5,23.0,23.0,22.39,998199,-2.0,22.62
20170731,22.96,23.23,23.23,22.91,536924,-0.56,22.98
20170728,23.09,23.08,23.22,22.88,260792,-0.6,23.07
20170727,23.23,22.81,23.25,22.74,314159,1.8,23.04
20170726,22.82,23.6,23.6,22.64,781210,-2.69,22.94
20170725,23.45,23.28,23.56,22.99,1832279,1.34,23.28
20170724,23.14,22.93,23.15,22.71,724428,0.56,23.02
20170721,23.01,23.44,23.69,22.82,1163239,-2.29,23.16
20170720,23.55,23.41,23.62,23.0,454431,0.56,23.38
20170719,23.42,23.03,23.42,23.0,742424,1.65,23.27
20170718,23.04,22.83,23.21,22.81,962684,0.3,23.04
20170717,22.97,22.06,23.12,21.92,1357054,4.03,22.82
20170714,22.08,22.13,22.29,21.99,211254,0.09,22.08
20170713,22.06,22.11,22.26,21.86,1577730,-0.32,22.05
20170712,22.13,21.78,22.34,21.73,1091807,1.84,22.05
20170711,21.73,21.23,21.8,21.02,656134,1.83,21.49
20170710,21.34,20.63,21.48,20.55,826888,3.24,21.17
20170707,20.67,20.99,21.22,20.58,953857,-1.43,20.82
20170706,20.97,21.61,21.61,20.9,1184427,-3.9,21.12
20170705,21.82,22.38,22.41,21.76,765815,-2.33,22.06
20170703,22.34,21.75,22.4,21.39,396507,3.38,22.06
20170630,21.61,21.54,21.74,21.24,250831,0.84,21.49
20170629,21.43,21.33,21.54,21.04,796188,0.75,21.38
20170628,21.27,21.28,21.64,21.14,737567,-0.09,21.35
20170627,21.29,20.56,21.63,20.42,1029076,3.85,21.3
20170626,20.5,20.42,21.05,20.08,790772,0.15,20.52
20170623,20.47,21.03,21.1,20.24,3690385,-2.8,20.47
20170622,21.06,20.72,21.07,19.91,1321878,1.64,20.6
20170621,20.72,22.54,22.74,20.63,1275376,-8.4,21.34
20170620,22.62,23.72,23.72,22.21,1043702,-5.43,22.62
20170619,23.92,24.06,24.21,23.54,460198,0.0,23.86
20170616,23.92,23.0,24.0,23.0,2465627,4.05,23.76
20170615,22.99,23.08,24.55,22.77,1510315,-1.12,23.33
20170614,23.25,23.57,23.71,22.55,1988480,-1.02,23.15
20170613,23.49,22.99,24.24,22.8,927265,2.0,23.54
20170612,23.03,22.46,23.58,21.89,826169,2.4,22.95
20170609,22.49,21.68,22.82,21.68,565863,3.88,22.45
20170608,21.65,21.75,21.93,21.61,432553,-0.51,21.71
20170607,21.76,22.4,22.79,21.57,733543,-2.38,22.01
20170606,22.29,21.83,22.71,21.83,1089496,-1.5,22.36
20170605,22.63,22.61,22.91,21.92,422153,-0.09,22.43
20170602,22.65,22.89,23.1,22.6,546591,-1.22,22.82
20170601,22.93,22.91,23.43,22.81,486400,0.0,23.09
20170531,22.93,22.97,23.18,22.67,484429,-0.09,22.96
20170530,22.95,23.0,23.29,22.59,843125,-0.35,22.82
20170526,23.03,22.55,23.24,22.35,721073,2.31,23.0
20170525,22.51,23.42,23.82,22.31,1080743,-3.6,22.93
20170524,23.35,23.54,23.59,23.01,408791,-0.43,23.37
20170523,23.45,22.99,23.61,22.65,703985,2.45,23.33
20170522,22.89,22.8,23.09,22.52,383071,0.75,22.75
20170519,22.72,22.56,23.49,22.32,1248618,0.98,22.96
20170518,22.5,22.19,23.63,21.98,4075173,1.81,22.7
20170517,22.1,22.15,22.51,21.67,1583699,0.0,22.15
20170516,22.1,22.19,22.41,22.05,1289339,0.36,22.25
20170515,22.02,21.01,22.3,21.01,3487278,4.36,21.92
20170512,21.1,21.25,21.3,20.27,10933719,,20.98
